Date,TGMV,plan
2022-01-01,20632219.23,20632219.23
2022-01-02,32331348.27,32331348.27
2022-01-03,42647687.75,42647687.75
2022-01-04,42938990.62,42938990.62
2022-01-05,37846637.43,37846637.43
2022-01-06,38145533.38,38145533.38
2022-01-07,33512773.75,33512773.75
2022-01-08,28990105.45,28990105.45
2022-01-09,29350816.2,29350816.2
2022-01-10,34793856.73,34793856.73
2022-01-11,34223822.49,34223822.49
2022-01-12,33789178.25,33789178.25
2022-01-13,33914344.69,33914344.69
2022-01-14,33591710.25,33591710.25
2022-01-15,31102131.19,31102131.19
2022-01-16,32641723.08,32641723.08
2022-01-17,36331077.07,36331077.07
2022-01-18,36997523.24,36997523.24
2022-01-19,35648314.63,35648314.63
2022-01-20,32804361.3,32804361.3
2022-01-21,31406765.18,31406765.18
2022-01-22,28392765.76,28392765.76
2022-01-23,29918823.81,29918823.81
2022-01-24,33940140.67,33940140.67
2022-01-25,33450683.37,33450683.37
2022-01-26,34305087.26,34305087.26
2022-01-27,34060186.38,34060186.38
2022-01-28,32326804.08,32326804.08
2022-01-29,29607110.38,29607110.38
2022-01-30,29928730.4,29928730.4
2022-01-31,35976392.64,35976392.64
2022-02-01,38407899.71,38407899.71
2022-02-02,37929560.14,37929560.14
2022-02-03,36330774.97,36330774.97
2022-02-04,33349231.23,33349231.23
2022-02-05,31115806.96,31115806.96
2022-02-06,33599223.18,33599223.18
2022-02-07,40631776.71,40631776.71
2022-02-08,41794735.66,41794735.66
2022-02-09,42696335.55,42696335.55
2022-02-10,43029795.05,43029795.05
2022-02-11,39692036.5,39692036.5
2022-02-12,35384234.25,35384234.25
2022-02-13,34152010.09,34152010.09
2022-02-14,35958230.96,35958230.96
2022-02-15,40703471.79,40703471.79
2022-02-16,41788030.02,41788030.02
2022-02-17,38420431.56,38420431.56
2022-02-18,33911719.02,33911719.02
2022-02-19,29697643.2,29697643.2
2022-02-20,31387935.29,31387935.29
2022-02-21,37358862.71,37358862.71
2022-02-22,38200392.68,38200392.68
2022-02-23,35459509.13,35459509.13
2022-02-24,33424731.8,33424731.8
2022-02-25,30420138.83,30420138.83
2022-02-26,28957032.01,28957032.01
2022-02-27,30379109.92,30379109.92
2022-02-28,36148019.38,36148019.38
2022-03-01,37886902.09,37886902.09
2022-03-02,37185800.99,37185800.99
2022-03-03,36360515.37,36360515.37
2022-03-04,32501487.94,32501487.94
2022-03-05,30024138.54,30024138.54
2022-03-06,30333944.75,30333944.75
2022-03-07,36171165.83,36171165.83
2022-03-08,34564257.13,34564257.13
2022-03-09,36640724.94,36640724.94
2022-03-10,35522448.83,35522448.83
2022-03-11,31816022.39,31816022.39
2022-03-12,29493013.22,29493013.22
2022-03-13,30763625.6,30763625.6
2022-03-14,40378128.17,40378128.17
2022-03-15,39649547.29,39649547.29
2022-03-16,43066041.04,43066041.04
2022-03-17,38075376.75,38075376.75
2022-03-18,34085112.21,34085112.21
2022-03-19,27665562.98,27665562.98
2022-03-20,27752080.87,27752080.87
2022-03-21,35871226.2,35871226.2
2022-03-22,35551572.85,35551572.85
2022-03-23,35720972.58,35720972.58
2022-03-24,33699707.03,33699707.03
2022-03-25,29912154.5,29912154.5
2022-03-26,27445027.09,27445027.09
2022-03-27,28884367.71,28884367.71
2022-03-28,33854235.69,33854235.69
2022-03-29,34344721.75,34344721.75
2022-03-30,36285816.78,36285816.78
2022-03-31,37418325.36,37418325.36
2022-04-01,34202175.66,34202175.66
2022-04-02,28387185.6,28387185.6
2022-04-03,31897619.1,31897619.1
2022-04-04,40426345.14,40426345.14
2022-04-05,38544510.76,38544510.76
2022-04-06,39579682.28,39579682.28
2022-04-07,36634663.75,36634663.75
2022-04-08,32013598.89,32013598.89
2022-04-09,29096466.12,29096466.12
2022-04-10,30955649.58,30955649.58
2022-04-11,38134239.81,38134239.81
2022-04-12,35154834.76,35154834.76
2022-04-13,35459293.46,35459293.46
2022-04-14,32395840.48,32395840.48
2022-04-15,28156245.39,28156245.39
2022-04-16,25646930.96,25646930.96
2022-04-17,27709827.74,27709827.74
2022-04-18,35341885.64,35341885.64
2022-04-19,37246811.85,37246811.85
2022-04-20,36760771.18,36760771.18
2022-04-21,36365466.94,36365466.94
2022-04-22,31723602.6,31723602.6
2022-04-23,27159492.78,27159492.78
2022-04-24,29178763.76,29178763.76
2022-04-25,35864584.77,35864584.77
2022-04-26,35976309.44,35976309.44
2022-04-27,34666654.18,34666654.18
2022-04-28,33644590.69,33644590.69
2022-04-29,32139251.99,32139251.99
2022-04-30,28214060.76,28214060.76
2022-05-01,33520365.57,33520365.57
2022-05-02,39713625.09,39713625.09
2022-05-03,41494646.37,41494646.37
2022-05-04,41768673.78,41768673.78
2022-05-05,43869487.78,43869487.78
2022-05-06,43234601.22,43234601.22
2022-05-07,37126364.5,37126364.5
2022-05-08,40939909.63,40939909.63
2022-05-09,48372093.16,48372093.16
2022-05-10,38376342.74,38376342.74
2022-05-11,36207993.49,36207993.49
2022-05-12,34582656.35,34582656.35
2022-05-13,33740208.09,33740208.09
2022-05-14,30856509.33,30856509.33
2022-05-15,32296334.27,32296334.27
2022-05-16,41106426.47,41106426.47
2022-05-17,42130758.09,42130758.09
2022-05-18,40312135.12,40312135.12
2022-05-19,37269615.06,37269615.06
2022-05-20,34124574.19,34124574.19
2022-05-21,31891579.12,31891579.12
2022-05-22,36173207.41,36173207.41
2022-05-23,65171958.17,65171958.17
2022-05-24,64261228.25,64261228.25
2022-05-25,55336500.38,55336500.38
2022-05-26,49379104.71,49379104.71
2022-05-27,45715241.79,45715241.79
2022-05-28,38920534.55,38920534.55
2022-05-29,42399096.81,42399096.81
2022-05-30,48160639.79,48160639.79
2022-05-31,59331514.36,59331514.36
2022-06-01,43556886.85,43556886.85
2022-06-02,37575343.44,37575343.44
2022-06-03,33290785.17,33290785.17
2022-06-04,30130662.93,30130662.93
2022-06-05,32583444.68,32583444.68
2022-06-06,40179728.17,40179728.17
2022-06-07,40128800.78,40128800.78
2022-06-08,40177078.78,40177078.78
2022-06-09,38631164.32,38631164.32
2022-06-10,35480167.75,35480167.75
2022-06-11,33582637.88,33582637.88
2022-06-12,35697061.11,35697061.11
2022-06-13,45012412.88,45012412.88
2022-06-14,47158079.85,47158079.85
2022-06-15,52333309.97,52333309.97
2022-06-16,49797994.56,49797994.56
2022-06-17,42513252.9,42513252.9
2022-06-18,34915160.66,34915160.66
2022-06-19,33129011.73,33129011.73
2022-06-20,37336419.6,37336419.6
2022-06-21,38423119.75,38423119.75
2022-06-22,38937787.52,38937787.52
2022-06-23,36137750.05,36137750.05
2022-06-24,30371708.08,30371708.08
2022-06-25,28355995.98,28355995.98
2022-06-26,31492960.98,31492960.98
2022-06-27,39877917.78,39877917.78
2022-06-28,40755021.02,40755021.02
2022-06-29,38244998.48,38244998.48
2022-06-30,37559124.43,37559124.43
2022-07-01,36798209.25,36798209.25
2022-07-02,33371575.46,33371575.46
2022-07-03,34890431.54,34890431.54
2022-07-04,40979042.39,40979042.39
2022-07-05,41409079.3,41409079.3
2022-07-06,43412037.41,43412037.41
2022-07-07,40624773.78,40624773.78
2022-07-08,36166256.01,36166256.01
2022-07-09,32927647.06,32927647.06
2022-07-10,35520068.82,35520068.82
2022-07-11,46342608.53,46342608.53
2022-07-12,44549184.28,44549184.28
2022-07-13,45629177.81,45629177.81
2022-07-14,40972562.08,40972562.08
2022-07-15,38392900.98,38392900.98
2022-07-16,34287893.44,34287893.44
2022-07-17,37542918.8,37542918.8
2022-07-18,42797007.99,42797007.99
2022-07-19,41716797.34,41716797.34
2022-07-20,41612858.4,41612858.4
2022-07-21,40339837.34,40339837.34
2022-07-22,36041341.11,36041341.11
2022-07-23,32801961.24,32801961.24
2022-07-24,33907836.35,33907836.35
2022-07-25,40738194.89,40738194.89
2022-07-26,41213852.2,41213852.2
2022-07-27,41727418.56,41727418.56
2022-07-28,40169473.7,40169473.7
2022-07-29,37905321.24,37905321.24
2022-07-30,34268324.44,34268324.44
2022-07-31,35774484.2,35774484.2
2022-08-01,44318801.84,44318801.84
2022-08-02,44305639.39,44305639.39
2022-08-03,43758685.6,43758685.6
2022-08-04,42467710.11,42467710.11
2022-08-05,38732474.25,38732474.25
2022-08-06,35697637.92,35697637.92
2022-08-07,37593217.98,37593217.98
2022-08-08,46180359.34,46180359.34
2022-08-09,45422749.2,45422749.2
2022-08-10,43485836.21,43485836.21
2022-08-11,43744318.01,43744318.01
2022-08-12,41530977.12,41530977.12
2022-08-13,36838279.89,36838279.89
2022-08-14,39724239.83,39724239.83
2022-08-15,52292530.35,52292530.35
2022-08-16,53103714.57,53103714.57
2022-08-17,50131433.63,50131433.63
2022-08-18,47247986.9,47247986.9
2022-08-19,43589857.48,43589857.48
2022-08-20,39032725.3,39032725.3
2022-08-21,42288438.06,42288438.06
2022-08-22,49374570.53,49374570.53
2022-08-23,50905701.64,50905701.64
2022-08-24,48628761.95,48628761.95
2022-08-25,45390647.21,45390647.21
2022-08-26,40660729.24,40660729.24
2022-08-27,37029768.97,37029768.97
2022-08-28,37191223.92,37191223.92
2022-08-29,41896019.46,41896019.46
2022-08-30,42877883.16,42877883.16
2022-08-31,43267424.2,43267424.2
2022-09-01,43570772.84,43570772.84
2022-09-02,39275173.41,39275173.41
2022-09-03,36018690.61,36018690.61
2022-09-04,39062195.81,39062195.81
2022-09-05,44790962.1,44790962.1
2022-09-06,45966735.92,45966735.92
2022-09-07,44382546.66,44382546.66
2022-09-08,40233595.04,40233595.04
2022-09-09,39789223.77,39789223.77
2022-09-10,34416629.09,34416629.09
2022-09-11,39168820.29,39168820.29
2022-09-12,43136642.68,43136642.68
2022-09-13,41651772.72,41651772.72
2022-09-14,38323411.04,38323411.04
2022-09-15,33523514.98,33523514.98
2022-09-16,34273623.75,34273623.75
2022-09-17,34742070.78,34742070.78
2022-09-18,35714578.17,35714578.17
2022-09-19,38577256.51,38577256.51
2022-09-20,39908791.83,39908791.83
2022-09-21,39854881.84,39854881.84
2022-09-22,37727442.32,37727442.32
2022-09-23,34484468.63,34484468.63
2022-09-24,31326509.25,31326509.25
2022-09-25,34934256.05,34934256.05
2022-09-26,43150770.32,43150770.32
2022-09-27,40046083.68,40046083.68
2022-09-28,40478592.36,40478592.36
2022-09-29,39879207.11,39879207.11
2022-09-30,37427507.08,37427507.08
2022-10-01,35601160.03,35601160.03
2022-10-02,38306803.93,38306803.93
2022-10-03,47292164.1,47292164.1
2022-10-04,45852613.59,45852613.59
2022-10-05,46341976.94,46341976.94
2022-10-06,47153581.82,47153581.82
2022-10-07,41589665.83,41589665.83
2022-10-08,39592458.89,39592458.89
2022-10-09,42993304.11,42993304.11
2022-10-10,48798118.89,48798118.89
2022-10-11,48101726.01,48101726.01
2022-10-12,46196290.43,46196290.43
2022-10-13,43477237.33,43477237.33
2022-10-14,42417920.93,42417920.93
2022-10-15,38543288.24,38543288.24
2022-10-16,42233449.6,42233449.6
2022-10-17,47624141.7,47624141.7
2022-10-18,49824286.14,49824286.14
2022-10-19,48316737.01,48316737.01
2022-10-20,46279789.22,46279789.22
2022-10-21,40353140.84,40353140.84
2022-10-22,35857210.68,35857210.68
2022-10-23,40750391.75,40750391.75
2022-10-24,48018764.05,48018764.05
2022-10-25,48471740.91,48471740.91
2022-10-26,46306705.61,46306705.61
2022-10-27,43170269.34,43170269.34
2022-10-28,37981091.1,37981091.1
2022-10-29,33382384.24,33382384.24
2022-10-30,34925924.53,34925924.53
2022-10-31,38930149.65,38930149.65
2022-11-01,40911108.29,40911108.29
2022-11-02,42837986.25,42837986.25
2022-11-03,45389038.79,45389038.79
2022-11-04,43534875.15,43534875.15
2022-11-05,39752289.7,39752289.7
2022-11-06,43808525.3,43808525.3
2022-11-07,49866112.21,49866112.21
2022-11-08,49575104.5,49575104.5
2022-11-09,47671420.93,47671420.93
2022-11-10,46150613.16,46150613.16
2022-11-11,43370444.04,43370444.04
2022-11-12,41934639.78,41934639.78
2022-11-13,45199068.75,45199068.75
2022-11-14,60712688.05,60712688.05
2022-11-15,64611384.93,64611384.93
2022-11-16,66453379.77,66453379.77
2022-11-17,71047742.39,71047742.39
2022-11-18,111354688.08,111354688.08
2022-11-19,102030659.91,102030659.91
2022-11-20,109053875.47,109053875.47
2022-11-21,128708227.84,128708227.84
2022-11-22,68175792.57,68175792.57
2022-11-23,50033291.74,50033291.74
2022-11-24,51740911.21,51740911.21
2022-11-25,54689234.89,54689234.89
2022-11-26,47654338.42,47654338.42
2022-11-27,49910903.57,49910903.57
2022-11-28,62223617.85,62223617.85
2022-11-29,60464582.16,60464582.16
2022-11-30,57762537.16,57762537.16
2022-12-01,60576452.96,60576452.96
2022-12-02,64516269.67,64516269.67
2022-12-03,59563405.11,59563405.11
2022-12-04,64599435.85,64599435.85
2022-12-05,75985703.96,75985703.96
2022-12-06,77826978.81,77826978.81
2022-12-07,76804108.28,76804108.28
2022-12-08,76320858.85,76320858.85
2022-12-09,71289527.24,71289527.24
2022-12-10,70947688.08,70947688.08
2022-12-11,79101347.35,79101347.35
2022-12-12,96481606.25,96481606.25
2022-12-13,98471357.39,98471357.39
2022-12-14,103286626.06,103286626.06
2022-12-15,107707960.0,107707960.0
2022-12-16,103946645.48,103946645.48
2022-12-17,98318058.32,98318058.32
2022-12-18,101501151.12,101501151.12
2022-12-19,123578088.7,123578088.7
2022-12-20,108263897.85,108263897.85
2022-12-21,88922172.87,88922172.87
2022-12-22,70027314.08,70027314.08
2022-12-23,55507178.95,55507178.95
2022-12-24,42526657.73,42526657.73
2022-12-25,41445143.82,41445143.82
2022-12-26,67132366.77,67132366.77
2022-12-27,69056614.57,69056614.57
2022-12-28,62757398.37,62757398.37
2022-12-29,56118546.47,56118546.47
2022-12-30,47335906.58,47335906.58
2022-12-31,36288155.33,36288155.33
2023-01-01,31976086.92,31976086.92
2023-01-02,59064116.08,59064116.08
2023-01-03,62123844.21,62123844.21
2023-01-04,61421134.26,61421134.26
2023-01-05,51528281.86,51528281.86
2023-01-06,50848092.86,50848092.86
2023-01-07,45289046.13,45289046.13
2023-01-08,47552596.0,47552596.0
2023-01-09,53101206.24,53101206.24
2023-01-10,54056186.1,54056186.1
2023-01-11,54020745.26,54020745.26
2023-01-12,51740791.48,51740791.48
2023-01-13,51634564.82,51634564.82
2023-01-14,47479803.18,47479803.18
2023-01-15,51037846.96,51037846.96
2023-01-16,56543206.71,56543206.71
2023-01-17,54875788.96,54875788.96
2023-01-18,53116539.86,53116539.86
2023-01-19,50693247.75,50693247.75
2023-01-20,45515256.21,45515256.21
2023-01-21,41368476.75,41368476.75
2023-01-22,43467066.25,43467066.25
2023-01-23,50933436.21,50933436.21
2023-01-24,51524151.62,51524151.62
2023-01-25,51887384.46,51887384.46
2023-01-26,47648538.42,47648538.42
2023-01-27,46478012.62,46478012.62
2023-01-28,43078080.26,43078080.26
2023-01-29,45277246.46,45277246.46
2023-01-30,52382581.16,52382581.16
2023-01-31,55268604.99,55268604.99
2023-02-01,56535171.43,56535171.43
2023-02-02,53534870.11,53534870.11
2023-02-03,50152416.47,50152416.47
2023-02-04,44102221.57,44102221.57
2023-02-05,44865549.5,44865549.5
2023-02-06,56303571.79,56303571.79
2023-02-07,56577863.19,56577863.19
2023-02-08,56778485.22,56778485.22
2023-02-09,57245445.63,57245445.63
2023-02-10,55456635.29,55456635.29
2023-02-11,52138119.23,52138119.23
2023-02-12,53430186.02,53430186.02
2023-02-13,58601715.64,58601715.64
2023-02-14,48877142.08,48877142.08
2023-02-15,52588824.64,52588824.64
2023-02-16,51059897.9,51059897.9
2023-02-17,46173042.68,46173042.68
2023-02-18,43931756.07,43931756.07
2023-02-19,45006793.76,45006793.76
2023-02-20,52094851.19,52094851.19
2023-02-21,50272237.51,50272237.51
2023-02-22,46821932.23,46821932.23
2023-02-23,45542871.36,45542871.36
2023-02-24,42061337.72,42061337.72
2023-02-25,39222155.4,39222155.4
2023-02-26,40830169.26,40830169.26
2023-02-27,47394213.03,47394213.03
2023-02-28,48282152.96,48282152.96
2023-03-01,53308517.37,53308517.37
2023-03-02,51948213.53,51948213.53
2023-03-03,45434648.02,45434648.02
2023-03-04,41437741.73,41437741.73
2023-03-05,44873299.38,44873299.38
2023-03-06,52544009.03,52544009.03
2023-03-07,50598814.23,50598814.23
2023-03-08,48842131.37,48842131.37
2023-03-09,48730195.03,48730195.03
2023-03-10,44036243.61,44036243.61
2023-03-11,40343028.85,40343028.85
2023-03-12,42315006.47,42315006.47
2023-03-13,50461490.11,50461490.11
2023-03-14,51154489.18,51154489.18
2023-03-15,55494531.46,55494531.46
2023-03-16,52066543.12,52066543.12
2023-03-17,47195174.09,47195174.09
2023-03-18,40954682.34,40954682.34
2023-03-19,42108837.07,42108837.07
2023-03-20,46821808.22,46821808.22
2023-03-21,47178860.78,47178860.78
2023-03-22,46971705.29,46971705.29
2023-03-23,47622672.86,47622672.86
2023-03-24,41355207.87,41355207.87
2023-03-25,37643095.12,37643095.12
2023-03-26,40998794.37,40998794.37
2023-03-27,48528495.17,48528495.17
2023-03-28,48347945.78,48347945.78
2023-03-29,47210526.66,47210526.66
2023-03-30,45702604.01,45702604.01
2023-03-31,42485150.8,42485150.8
2023-04-01,41610220.79,41610220.79
2023-04-02,42853755.86,42853755.86
2023-04-03,47932442.73,47932442.73
2023-04-04,45223241.58,45223241.58
2023-04-05,43342981.04,43342981.04
2023-04-06,40468374.23,40468374.23
2023-04-07,36905914.08,36905914.08
2023-04-08,34393912.67,34393912.67
2023-04-09,35529506.64,35529506.64
2023-04-10,43031199.21,43031199.21
2023-04-11,45593384.96,45593384.96
2023-04-12,46665826.63,46665826.63
2023-04-13,44918283.65,44918283.65
2023-04-14,46993749.21,46993749.21
2023-04-15,44903341.79,44903341.79
2023-04-16,45574652.82,45574652.82
2023-04-17,51481043.62,51481043.62
2023-04-18,52096206.73,52096206.73
2023-04-19,51574772.28,51574772.28
2023-04-20,49745264.82,49745264.82
2023-04-21,45690335.19,45690335.19
2023-04-22,42511244.95,42511244.95
2023-04-23,44670328.35,44670328.35
2023-04-24,52182964.54,52182964.54
2023-04-25,50215184.19,50215184.19
2023-04-26,50216124.41,50216124.41
2023-04-27,46277870.95,46277870.95
2023-04-28,45987875.04,45987875.04
2023-04-29,40770778.22,40770778.22
2023-04-30,40413580.33,40413580.33
2023-05-01,51128307.4,51128307.4
2023-05-02,54737205.4,54737205.4
2023-05-03,55608495.73,55608495.73
2023-05-04,55963961.27,55963961.27
2023-05-05,55735385.39,55735385.39
2023-05-06,53286188.41,53286188.41
2023-05-07,56831989.16,56831989.16
2023-05-08,69937599.01,69937599.01
2023-05-09,65088209.11,65088209.11
2023-05-10,52233551.38,52233551.38
2023-05-11,50509887.36,50509887.36
2023-05-12,49356479.56,49356479.56
2023-05-13,44909388.83,44909388.83
2023-05-14,46059237.78,46059237.78
2023-05-15,54355084.2,54355084.2
2023-05-16,57782357.35,57782357.35
2023-05-17,56873915.13,56873915.13
2023-05-18,51311399.26,51311399.26
2023-05-19,47783404.07,47783404.07
2023-05-20,47092000.24,47092000.24
2023-05-21,46035620.02,46035620.02
2023-05-22,55814437.87,55814437.87
2023-05-23,61837009.07,61837009.07
2023-05-24,57580559.28,57580559.28
2023-05-25,52258756.17,52258756.17
2023-05-26,51670552.03,51670552.03
2023-05-27,45144717.46,45144717.46
2023-05-28,45198012.83,45198012.83
2023-05-29,88723867.33,88723867.33
2023-05-30,91731482.76,91731482.76
2023-05-31,87406161.21,87406161.21
2023-06-01,89054185.09,89054185.09
2023-06-02,78762567.05,78762567.05
2023-06-03,66653782.14,66653782.14
2023-06-04,65862600.32,65862600.32
2023-06-05,72419090.1,72419090.1
2023-06-06,89437146.29,89437146.29
2023-06-07,73103004.37,73103004.37
2023-06-08,55190380.8,55190380.8
2023-06-09,49246152.37,49246152.37
2023-06-10,44990495.88,44990495.88
2023-06-11,49150246.38,49150246.38
2023-06-12,58753202.73,58753202.73
2023-06-13,62138497.28,62138497.28
2023-06-14,64464681.05,64464681.05
2023-06-15,65647665.95,65647665.95
2023-06-16,60702835.44,60702835.44
2023-06-17,49213722.43,49213722.43
2023-06-18,44736116.74,44736116.74
2023-06-19,48780910.68,48780910.68
2023-06-20,49412569.67,49412569.67
2023-06-21,49239164.09,49239164.09
2023-06-22,47817295.14,47817295.14
2023-06-23,42826148.93,42826148.93
2023-06-24,38181084.14,38181084.14
2023-06-25,40281219.37,40281219.37
2023-06-26,48772956.66,48772956.66
2023-06-27,49738836.0,49738836.0
2023-06-28,49386964.68,49386964.68
2023-06-29,48898977.76,48898977.76
2023-06-30,47634512.87,47634512.87
2023-07-01,46184263.5,46184263.5
2023-07-02,48864383.38,48864383.38
2023-07-03,57691291.4,57691291.4
2023-07-04,58416421.73,58416421.73
2023-07-05,59111780.42,59111780.42
2023-07-06,58047173.64,58047173.64
2023-07-07,53384735.22,53384735.22
2023-07-08,47712716.36,47712716.36
2023-07-09,51398548.94,51398548.94
2023-07-10,61270214.92,61270214.92
2023-07-11,62885460.99,62885460.99
2023-07-12,62906846.32,62906846.32
2023-07-13,60843206.15,60843206.15
2023-07-14,59412947.91,59412947.91
2023-07-15,56682718.32,56682718.32
2023-07-16,58637743.63,58637743.63
2023-07-17,60560499.76,60560499.76
2023-07-18,58458884.69,58458884.69
2023-07-19,57313362.31,57313362.31
2023-07-20,53139897.98,53139897.98
2023-07-21,50343196.69,50343196.69
2023-07-22,44984458.8,44984458.8
2023-07-23,48844782.25,48844782.25
2023-07-24,56196035.13,56196035.13
2023-07-25,56045939.4,56045939.4
2023-07-26,53903483.31,53903483.31
2023-07-27,54076992.0,54076992.0
2023-07-28,52506557.73,52506557.73
2023-07-29,46025864.04,46025864.04
2023-07-30,48879685.37,48879685.37
2023-07-31,58546551.03,58546551.03
2023-08-01,62264413.66,62264413.66
2023-08-02,62027189.57,62027189.57
2023-08-03,58014682.61,58014682.61
2023-08-04,53308370.64,53308370.64
2023-08-05,47590961.41,47590961.41
2023-08-06,53337061.36,53337061.36
2023-08-07,62483652.04,62483652.04
2023-08-08,60141288.85,60141288.85
2023-08-09,56906407.85,56906407.85
2023-08-10,59360731.5,59360731.5
2023-08-11,54382011.39,54382011.39
2023-08-12,48850072.13,48850072.13
2023-08-13,50978858.19,50978858.19
2023-08-14,62199842.36,62199842.36
2023-08-15,68977909.16,68977909.16
2023-08-16,69941862.99,69941862.99
2023-08-17,65587056.7,65587056.7
2023-08-18,60619702.11,60619702.11
2023-08-19,53223551.21,53223551.21
2023-08-20,56439972.76,56439972.76
2023-08-21,66962362.1,66962362.1
2023-08-22,68108909.12,68108909.12
2023-08-23,69062817.22,69062817.22
2023-08-24,63933077.41,63933077.41
2023-08-25,57888321.16,57888321.16
2023-08-26,51946488.05,51946488.05
2023-08-27,51123781.97,51123781.97
2023-08-28,53610054.86,53610054.86
2023-08-29,52542399.04,52542399.04
2023-08-30,52448796.6,52448796.6
2023-08-31,52428811.18,52428811.18
2023-09-01,50492952.92,50492952.92
2023-09-02,47249713.56,47249713.56
2023-09-03,48441998.39,48441998.39
2023-09-04,52526734.54,52526734.54
2023-09-05,54984070.03,54984070.03
2023-09-06,54960835.99,54960835.99
2023-09-07,52263847.51,52263847.51
2023-09-08,49001236.86,49001236.86
2023-09-09,45684166.91,45684166.91
2023-09-10,48526582.88,48526582.88
2023-09-11,52623482.25,52623482.25
2023-09-12,52264842.85,52264842.85
2023-09-13,50156377.23,50156377.23
2023-09-14,45022768.88,45022768.88
2023-09-15,40479033.48,40479033.48
2023-09-16,38522435.53,38522435.53
2023-09-17,44915877.04,44915877.04
2023-09-18,49476956.42,49476956.42
2023-09-19,49875946.85,49875946.85
2023-09-20,47724026.43,47724026.43
2023-09-21,45017333.3,45017333.3
2023-09-22,44364582.06,44364582.06
2023-09-23,39037480.65,39037480.65
2023-09-24,40053962.8,40053962.8
2023-09-25,45584907.93,45584907.93
2023-09-26,46894318.93,46894318.93
2023-09-27,45970062.79,45970062.79
2023-09-28,46491283.39,46491283.39
2023-09-29,44087655.49,44087655.49
2023-09-30,42351311.65,42351311.65
2023-10-01,45553963.99,45553963.99
2023-10-02,51053214.89,51053214.89
2023-10-03,52134349.65,52134349.65
2023-10-04,50831443.02,50831443.02
2023-10-05,49056042.74,49056042.74
2023-10-06,47712079.13,47712079.13
2023-10-07,43542720.87,43542720.87
2023-10-08,47940926.85,47940926.85
2023-10-09,53578219.44,53578219.44
2023-10-10,55186366.31,55186366.31
2023-10-11,54920593.73,54920593.73
2023-10-12,52341578.89,52341578.89
2023-10-13,50138495.83,50138495.83
2023-10-14,46444655.19,46444655.19
2023-10-15,50706945.77,50706945.77
2023-10-16,60078473.52,60078473.52
2023-10-17,60503398.01,60503398.01
2023-10-18,57114639.48,57114639.48
2023-10-19,51729158.21,51729158.21
2023-10-20,46247380.47,46247380.47
2023-10-21,43339183.1,43339183.1
2023-10-22,46671612.47,46671612.47
2023-10-23,55447480.5,55447480.5
2023-10-24,53702254.77,53702254.77
2023-10-25,51333294.18,51333294.18
2023-10-26,47632637.7,47632637.7
2023-10-27,44031094.23,44031094.23
2023-10-28,39210645.1,39210645.1
2023-10-29,40671629.92,40671629.92
2023-10-30,49590624.68,49590624.68
2023-10-31,46100725.36,46100725.36
2023-11-01,48210227.54,48210227.54
2023-11-02,50736592.24,50736592.24
2023-11-03,48878647.08,48878647.08
2023-11-04,44686326.18,44686326.18
2023-11-05,48395432.24,48395432.24
2023-11-06,56342734.53,56342734.53
2023-11-07,58200635.09,58200635.09
2023-11-08,56377722.69,56377722.69
2023-11-09,54801568.06,54801568.06
2023-11-10,51125080.73,51125080.73
2023-11-11,49453058.84,49453058.84
2023-11-12,55150495.36,55150495.36
2023-11-13,65423261.46,65423261.46
2023-11-14,67997046.92,67997046.92
2023-11-15,71492363.64,71492363.64
2023-11-16,88176708.08,88176708.08
2023-11-17,142404340.35,142404340.35
2023-11-18,120964860.75,120964860.75
2023-11-19,121595941.76,121595941.76
2023-11-20,150245763.43,150245763.43
2023-11-21,88875387.71,88875387.71
2023-11-22,66792882.53,66792882.53
2023-11-23,66107148.96,66107148.96
2023-11-24,78334102.1,78334102.1
2023-11-25,72148494.76,72148494.76
2023-11-26,75210506.06,75210506.06
2023-11-27,88635650.06,88635650.06
2023-11-28,74809250.87,74809250.87
2023-11-29,73437805.81,73437805.81
2023-11-30,72279946.84,72279946.84
2023-12-01,75948919.59,75948919.59
2023-12-02,67473133.16,67473133.16
2023-12-03,74368946.35,74368946.35
2023-12-04,90523754.42,90523754.42
2023-12-05,90092552.29,90092552.29
2023-12-06,95574477.95,95574477.95
2023-12-07,96842786.42,96842786.42
2023-12-08,91460119.12,91460119.12
2023-12-09,84904863.71,84904863.71
2023-12-10,92761754.67,92761754.67
2023-12-11,111510166.03,111510166.03
2023-12-12,112770497.6,112770497.6
2023-12-13,110350969.81,110350969.81
2023-12-14,114616654.0,114616654.0
2023-12-15,110865425.4,110865425.4
2023-12-16,114314914.96,114314914.96
2023-12-17,119422655.17,119422655.17
2023-12-18,143929211.48,143929211.48
2023-12-19,147292731.16,147292731.16
2023-12-20,129249521.72,129249521.72
2023-12-21,98444545.34,98444545.34
2023-12-22,74615237.91,74615237.91
2023-12-23,57006671.35,57006671.35
2023-12-24,45375509.66,45375509.66
2023-12-25,48524224.76,48524224.76
2023-12-26,75381434.71,75381434.71
2023-12-27,79682593.28,79682593.28
2023-12-28,72916895.76,72916895.76
2023-12-29,61085583.64,61085583.64
2023-12-30,46854570.43,46854570.43
2023-12-31,37353164.69,37353164.69
2024-01-01,35343404.93,35343404.93
2024-01-02,64473690.54,64473690.54
2024-01-03,69244185.61,69244185.61
2024-01-04,63672059.21,63672059.21
2024-01-05,57511449.32,57511449.32
2024-01-06,51262403.37,51262403.37
2024-01-07,52554582.02,52554582.02
2024-01-08,58072541.95,58072541.95
2024-01-09,57230179.02,57230179.02
2024-01-10,58529334.36,58529334.36
2024-01-11,58845294.13,58845294.13
2024-01-12,56107442.95,56107442.95
2024-01-13,51185001.39,51185001.39
2024-01-14,51204889.8,51204889.8
2024-01-15,61082065.13,61082065.13
2024-01-16,61226369.53,61226369.53
2024-01-17,61225353.44,61225353.44
2024-01-18,57226274.8,57226274.8
2024-01-19,51751630.17,51751630.17
2024-01-20,48110841.48,48110841.48
2024-01-21,50604471.72,50604471.72
2024-01-22,55952116.02,55952116.02
2024-01-23,55977545.86,55977545.86
2024-01-24,53929283.46,53929283.46
2024-01-25,51233125.51,51233125.51
2024-01-26,48434562.52,48434562.52
2024-01-27,45120366.59,45120366.59
2024-01-28,48452044.23,48452044.23
2024-01-29,55881733.42,55881733.42
2024-01-30,56744015.54,56744015.54
2024-01-31,58306146.94,58306146.94
2024-02-01,58312379.68,58312379.68
2024-02-02,52351541.89,52351541.89
2024-02-03,47827753.44,47827753.44
2024-02-04,47895928.18,47895928.18
2024-02-05,56794381.98,56794381.98
2024-02-06,59576819.31,59576819.31
2024-02-07,63392742.57,63392742.57
2024-02-08,63941615.53,63941615.53
2024-02-09,60552136.5,60552136.5
2024-02-10,55506188.6,55506188.6
2024-02-11,57768513.8,57768513.8
2024-02-12,70204150.41,70204150.41
2024-02-13,62630995.88,62630995.88
2024-02-14,51094145.29,51094145.29
2024-02-15,53301858.27,53301858.27
2024-02-16,51673831.83,51673831.83
2024-02-17,48957768.47,48957768.47
2024-02-18,50791600.21,50791600.21
2024-02-19,54484320.62,54484320.62
2024-02-20,52746811.77,52746811.77
2024-02-21,52266137.71,52266137.71
2024-02-22,49935777.02,49935777.02
2024-02-23,45169949.7,45169949.7
2024-02-24,43203696.17,43203696.17
2024-02-25,43511671.1,43511671.1
2024-02-26,50868793.43,50868793.43
2024-02-27,51031123.94,51031123.94
2024-02-28,52879388.66,52879388.66
2024-02-29,52184066.68,52184066.68
2024-03-01,50729361.05,50729361.05
2024-03-02,48446111.79,48446111.79
2024-03-03,49600612.78,49600612.78
2024-03-04,54344919.87,54344919.87
2024-03-05,55020658.58,55020658.58
2024-03-06,55220602.04,55220602.04
2024-03-07,53167020.36,53167020.36
2024-03-08,48379398.56,48379398.56
2024-03-09,44387740.89,44387740.89
2024-03-10,48023164.43,48023164.43
2024-03-11,53808465.35,53808465.35
2024-03-12,54658673.85,54658673.85
2024-03-13,54251895.78,54251895.78
2024-03-14,52049080.89,52049080.89
2024-03-15,50490997.74,50490997.74
2024-03-16,45794657.83,45794657.83
2024-03-17,45281551.97,45281551.97
2024-03-18,53639324.59,53639324.59
2024-03-19,55971679.11,55971679.11
2024-03-20,49834438.75,49834438.75
2024-03-21,48408392.18,48408392.18
2024-03-22,44360664.04,44360664.04
2024-03-23,42749291.84,42749291.84
2024-03-24,44684626.34,44684626.34
2024-03-25,49293871.21,49293871.21
2024-03-26,47290093.34,47290093.34
2024-03-27,48206092.97,48206092.97
2024-03-28,44985662.32,44985662.32
2024-03-29,39987658.28,39987658.28
2024-03-30,36667067.37,36667067.37
2024-03-31,37882870.07,37882870.07
2024-04-01,48225203.85,48225203.85
2024-04-02,49834209.0,49834209.0
2024-04-03,49482697.25,49482697.25
2024-04-04,47870916.3,47870916.3
2024-04-05,45347790.26,45347790.26
2024-04-06,42325713.78,42325713.78
2024-04-07,44265871.47,44265871.47
2024-04-08,48015571.4,48015571.4
2024-04-09,50055871.96,50055871.96
2024-04-10,50250417.76,50250417.76
2024-04-11,50931988.62,50931988.62
2024-04-12,48057679.9,48057679.9
2024-04-13,45484521.46,45484521.46
2024-04-14,47500166.78,47500166.78
2024-04-15,55746774.74,55746774.74
2024-04-16,60343256.8,60343256.8
2024-04-17,56588698.21,56588698.21
2024-04-18,53812121.29,53812121.29
2024-04-19,48589539.32,48589539.32
2024-04-20,43548325.98,43548325.98
2024-04-21,46531811.15,46531811.15
2024-04-22,55654017.41,55654017.41
2024-04-23,56398951.32,56398951.32
2024-04-24,54212466.05,54212466.05
2024-04-25,51307626.83,51307626.83
2024-04-26,47963611.49,47963611.49
2024-04-27,44057166.27,44057166.27
2024-04-28,46126852.52,46126852.52
2024-04-29,55391072.92,55391072.92
2024-04-30,52673821.74,52673821.74
2024-05-01,60391785.21,60391785.21
2024-05-02,59395037.73,59395037.73
2024-05-03,56288955.27,56288955.27
2024-05-04,51479060.41,51479060.41
2024-05-05,54873232.04,54873232.04
2024-05-06,74044155.82,74044155.82
2024-05-07,77119892.25,77119892.25
2024-05-08,74827601.56,74827601.56
2024-05-09,66622741.93,66622741.93
2024-05-10,54308754.66,54308754.66
2024-05-11,48126393.89,48126393.89
2024-05-12,48719253.54,48719253.54
2024-05-13,54866570.66,54866570.66
2024-05-14,70145640.73,70145640.73
2024-05-15,129516945.65,129516945.65
2024-05-16,106866913.63,106866913.63
2024-05-17,87659540.96,87659540.96
2024-05-18,78678431.79,78678431.79
2024-05-19,80967638.51,80967638.51
2024-05-20,82133507.71,82133507.71
2024-05-21,80802171.47,80802171.47
2024-05-22,80355295.18,80355295.18
2024-05-23,89829068.71,89829068.71
2024-05-24,61583048.52,61583048.52
2024-05-25,42355134.95,42355134.95
2024-05-26,43181755.31,43181755.31
2024-05-27,49002179.78,49002179.78
2024-05-28,53119396.07,53119396.07
2024-05-29,53029272.5,53029272.5
2024-05-30,53294699.65,53294699.65
2024-05-31,51038271.07,51038271.07
2024-06-01,47485530.71,47485530.71
2024-06-02,46176769.59,46176769.59
2024-06-03,54353252.63,54353252.63
2024-06-04,60366725.29,60366725.29
2024-06-05,60316730.03,60316730.03
2024-06-06,59932448.37,59932448.37
2024-06-07,55984170.74,55984170.74
2024-06-08,52184135.57,52184135.57
2024-06-09,56317218.61,56317218.61
2024-06-10,69260318.03,69260318.03
2024-06-11,73928946.24,73928946.24
2024-06-12,76009982.9,76009982.9
2024-06-13,74562446.33,74562446.33
2024-06-14,71281692.38,71281692.38
2024-06-15,60907683.91,60907683.91
2024-06-16,58763582.79,58763582.79
2024-06-17,61621822.82,61621822.82
2024-06-18,61267066.16,61267066.16
2024-06-19,59028123.23,59028123.23
2024-06-20,58500297.44,58500297.44
2024-06-21,54798925.36,54798925.36
2024-06-22,50404810.09,50404810.09
2024-06-23,53777117.0,53777117.0
2024-06-24,61229584.42,61229584.42
2024-06-25,57402409.3,57402409.3
2024-06-26,61671689.69,61671689.69
2024-06-27,58675786.37,58675786.37
2024-06-28,58106309.74,58106309.74
2024-06-29,58965195.84,58965195.84
2024-06-30,60707040.64,60707040.64
2024-07-01,71080051.88,71080051.88
2024-07-02,71440801.22,71440801.22
2024-07-03,66198485.73,66198485.73
2024-07-04,62576817.78,62576817.78
2024-07-05,57534208.68,57534208.68
2024-07-06,55085069.99,55085069.99
2024-07-07,60333968.88,60333968.88
2024-07-08,66105699.08,66105699.08
2024-07-09,65355106.03,65355106.03
2024-07-10,64822383.88,64822383.88
2024-07-11,62905373.51,62905373.51
2024-07-12,58939586.43,58939586.43
2024-07-13,53042422.73,53042422.73
2024-07-14,56123984.31,56123984.31
2024-07-15,73555212.46,73555212.46
2024-07-16,79176187.33,79176187.33
2024-07-17,77824864.03,77824864.03
2024-07-18,72987911.8,72987911.8
2024-07-19,64833498.87,64833498.87
2024-07-20,57756227.59,57756227.59
2024-07-21,64734436.65,64734436.65
2024-07-22,68011382.74,68011382.74
2024-07-23,65861416.89,65861416.89
2024-07-24,61912543.17,61912543.17
2024-07-25,56520820.72,56520820.72
2024-07-26,52766812.39,52766812.39
2024-07-27,47130663.99,47130663.99
2024-07-28,50267831.75,50267831.75
2024-07-29,59018931.21,59018931.21
2024-07-30,63596429.34,63596429.34
2024-07-31,65153470.29,65153470.29
2024-08-01,65041115.97,65041115.97
2024-08-02,59833742.36,59833742.36
2024-08-03,52855105.75,52855105.75
2024-08-04,54863645.49,54863645.49
2024-08-05,64247688.67,64247688.67
2024-08-06,66988752.69,66988752.69
2024-08-07,68814313.34,68814313.34
2024-08-08,65155262.71,65155262.71
2024-08-09,60148967.63,60148967.63
2024-08-10,56061222.81,56061222.81
2024-08-11,59783092.88,59783092.88
2024-08-12,68895185.93,68895185.93
2024-08-13,71287671.42,71287671.42
2024-08-14,73956290.93,73956290.93
2024-08-15,74475288.22,74475288.22
2024-08-16,68525267.26,68525267.26
2024-08-17,62392279.56,62392279.56
2024-08-18,66727951.34,66727951.34
2024-08-19,74887370.13,74887370.13
2024-08-20,76283323.82,76283323.82
2024-08-21,74939265.44,74939265.44
2024-08-22,70117103.75,70117103.75
2024-08-23,65464637.11,65464637.11
2024-08-24,56776176.96,56776176.96
2024-08-25,56296165.86,56296165.86
2024-08-26,57444159.84,57444159.84
2024-08-27,57292384.52,57292384.52
2024-08-28,57254275.84,57254275.84
2024-08-29,56160351.53,56160351.53
2024-08-30,52807554.17,52807554.17
2024-08-31,51834734.43,51834734.43
2024-09-01,55964687.3,55964687.3
2024-09-02,59339706.91,59339706.91
2024-09-03,61403214.19,61403214.19
2024-09-04,61822777.84,61822777.84
2024-09-05,60472135.24,60472135.24
2024-09-06,56346569.31,56346569.31
2024-09-07,53815048.88,53815048.88
2024-09-08,57754703.54,57754703.54
2024-09-09,62050301.43,62050301.43
2024-09-10,62777441.72,62777441.72
2024-09-11,58240147.53,58240147.53
2024-09-12,55306179.3,55306179.3
2024-09-13,52160548.87,52160548.87
2024-09-14,48582891.37,48582891.37
2024-09-15,46227486.01,46227486.01
2024-09-16,53517047.66,53517047.66
2024-09-17,58537113.31,58537113.31
2024-09-18,57938809.29,57938809.29
2024-09-19,57385111.48,57385111.48
2024-09-20,50725200.11,50725200.11
2024-09-21,47355411.18,47355411.18
2024-09-22,52343775.65,52343775.65
2024-09-23,57831212.18,57831212.18
2024-09-24,57967714.07,57967714.07
2024-09-25,55658649.12,55658649.12
2024-09-26,51550515.7,51550515.7
2024-09-27,51431796.84,51431796.84
2024-09-28,49414718.61,49414718.61
2024-09-29,52802294.81,52802294.81
2024-09-30,56596161.67,56596161.67
2024-10-01,64678063.15,64678063.15
2024-10-02,62246222.89,62246222.89
2024-10-03,56855798.2,56855798.2
2024-10-04,54127381.4,54127381.4
2024-10-05,51321697.33,51321697.33
2024-10-06,56257245.73,56257245.73
2024-10-07,62910214.29,62910214.29
2024-10-08,63237530.97,63237530.97
2024-10-09,62192596.05,62192596.05
2024-10-10,59144969.1,59144969.1
2024-10-11,56444519.63,56444519.63
2024-10-12,55422588.31,55422588.31
2024-10-13,57508094.3,57508094.3
2024-10-14,67888191.77,67888191.77
2024-10-15,69408469.9,69408469.9
2024-10-16,70612360.81,70612360.81
2024-10-17,66236344.99,66236344.99
2024-10-18,60009358.43,60009358.43
2024-10-19,55059065.99,55059065.99
2024-10-20,61057079.64,61057079.64
2024-10-21,69157812.97,69157812.97
2024-10-22,67705782.93,67705782.93
2024-10-23,66379083.47,66379083.47
2024-10-24,61038180.77,61038180.77
2024-10-25,54933371.27,54933371.27
2024-10-26,50848631.98,50848631.98
2024-10-27,54032152.5,54032152.5
2024-10-28,59565309.52,59565309.52
2024-10-29,60401031.65,60401031.65
2024-10-30,57554516.36,57554516.36
2024-10-31,51745820.68,51745820.68
2024-11-01,52141894.41,52141894.41
2024-11-02,50047915.02,50047915.02
2024-11-03,54729217.7,54729217.7
2024-11-04,65166056.85,65166056.85
2024-11-05,66924239.93,66924239.93
2024-11-06,69240590.4,69240590.4
2024-11-07,65843011.92,65843011.92
2024-11-08,63897621.36,63897621.36
2024-11-09,58934409.06,58934409.06
2024-11-10,61682790.31,61682790.31
2024-11-11,71937811.65,71937811.65
2024-11-12,74193861.9,74193861.9
2024-11-13,77390300.96,77390300.96
2024-11-14,90467027.58,90467027.58
2024-11-15,189839453.37,189839453.37
2024-11-16,179720262.85,179720262.85
2024-11-17,181701147.56,181701147.56
2024-11-18,202243464.43,202243464.43
2024-11-19,107658284.35,107658284.35
2024-11-20,70890682.21,70890682.21
2024-11-21,65498391.74,65498391.74
2024-11-22,61694328.69,61694328.69
2024-11-23,60906473.6,60906473.6
2024-11-24,66450525.86,66450525.86
2024-11-25,78598533.6,78598533.6
2024-11-26,79682051.62,79682051.62
2024-11-27,82701003.92,82701003.92
2024-11-28,86723316.88,86723316.88
2024-11-29,117677518.7,117677518.7
2024-11-30,109537644.77,109537644.77
2024-12-01,110727711.2,110727711.2
2024-12-02,136568875.26,136568875.26
2024-12-03,116406430.63,116406430.63
2024-12-04,99593572.56,99593572.56
2024-12-05,98228105.69,98228105.69
2024-12-06,104489729.31,104489729.31
2024-12-07,104685157.24,104685157.24
2024-12-08,110119274.28,110119274.28
2024-12-09,132694229.19,132694229.19
2024-12-10,132002193.58,132002193.58
2024-12-11,137341936.88,137341936.88
2024-12-12,129065106.19,129065106.19
2024-12-13,128110889.08,128110889.08
2024-12-14,126704177.2,126704177.2
2024-12-15,136926302.77,136926302.77
2024-12-16,161152237.82,161152237.82
2024-12-17,158360430.65,158360430.65
2024-12-18,153240692.42,153240692.42
2024-12-19,151590206.4,151590206.4
2024-12-20,128856012.22,128856012.22
2024-12-21,102631789.1,102631789.1
2024-12-22,94466536.24,94466536.24
2024-12-23,79005050.01,79005050.01
2024-12-24,60715506.38,60715506.38
2024-12-25,60773191.11,60773191.11
2024-12-26,83856207.42,83856207.42
2024-12-27,80323010.59,80323010.59
2024-12-28,70868583.54,70868583.54
2024-12-29,63407108.54,63407108.54
2024-12-30,59799604.73,59799604.73
2024-12-31,47819664.82,47819664.82
2025-01-01,40950926.66,40950926.66
2025-01-02,73624576.53,73624576.53
2025-01-03,73805767.07,73805767.07
2025-01-04,66514161.95,66514161.95
2025-01-05,61578741.44,61578741.44
2025-01-06,70083512.5,70083512.5
2025-01-07,68989582.78,68989582.78
2025-01-08,70457317.35,70457317.35
2025-01-09,67488051.71,67488051.71
2025-01-10,65999083.9,65999083.9
2025-01-11,64281049.04,64281049.04
2025-01-12,65401705.44,65401705.44
2025-01-13,72902630.66,72902630.66
2025-01-14,73900208.44,73900208.44
2025-01-15,80432753.75,80432753.75
2025-01-16,76528988.4,76528988.4
2025-01-17,68095568.92,68095568.92
2025-01-18,60643982.12,60643982.12
2025-01-19,62580632.17,62580632.17
2025-01-20,66964959.15,66964959.15
2025-01-21,67668016.33,67668016.33
2025-01-22,66449654.94,66449654.94
2025-01-23,64737604.44,64737604.44
2025-01-24,60629117.65,60629117.65
2025-01-25,56213495.98,56213495.98
2025-01-26,57527394.04,57527394.04
2025-01-27,62677948.03,62677948.03
2025-01-28,64472130.83,64472130.83
2025-01-29,65275654.88,65275654.88
2025-01-30,63278700.04,63278700.04
2025-01-31,58770829.4,58770829.4
2025-02-01,58985041.79,58985041.79
2025-02-02,58444608.9,58444608.9
2025-02-03,65200116.7,65200116.7
2025-02-04,66604762.75,66604762.75
2025-02-05,69475624.13,69475624.13
2025-02-06,71246141.97,71246141.97
2025-02-07,69362943.37,69362943.37
2025-02-08,66872043.53,66872043.53
2025-02-09,70542397.23,70542397.23
2025-02-10,87252988.61,87252988.61
2025-02-11,89673412.28,89673412.28
2025-02-12,87978101.42,87978101.42
2025-02-13,74043495.99,74043495.99
2025-02-14,58297057.67,58297057.67
2025-02-15,56594249.78,56594249.78
2025-02-16,61724489.98,61724489.98
2025-02-17,67055678.24,67055678.24
2025-02-18,65301582.56,65301582.56
2025-02-19,64061261.69,64061261.69
2025-02-20,60726738.93,60726738.93
2025-02-21,56032679.98,56032679.98
2025-02-22,51534447.29,51534447.29
2025-02-23,54102429.65,54102429.65
2025-02-24,59144529.25,59144529.25
2025-02-25,58208194.54,58208194.54
2025-02-26,58925666.84,58925666.84
2025-02-27,58925566.52,58925566.52
2025-02-28,56426517.13,56426517.13
2025-03-01,55107212.53,55107212.53
2025-03-02,58556847.89,58556847.89
2025-03-03,63913556.54,63913556.54
2025-03-04,62739934.59,62739934.59
2025-03-05,61012868.38,61012868.38
2025-03-06,62713129.25,62713129.25
2025-03-07,59555493.51,59555493.51
2025-03-08,54234489.39,54234489.39
2025-03-09,57647171.22,57647171.22
2025-03-10,65225704.13,65225704.13
2025-03-11,64386285.7,64386285.7
2025-03-12,64296060.5,64296060.5
2025-03-13,62178128.55,62178128.55
2025-03-14,59365286.69,59365286.69
2025-03-15,56760497.06,56760497.06
2025-03-16,58236541.64,58236541.64
2025-03-17,65492480.98,65492480.98
2025-03-18,63356414.7,63356414.7
2025-03-19,61043443.47,61043443.47
2025-03-20,58131708.55,58131708.55
2025-03-21,52950429.25,52950429.25
2025-03-22,51518987.51,51518987.51
2025-03-23,55629124.76,55629124.76
2025-03-24,62619970.92,62619970.92
2025-03-25,61665432.33,61665432.33
2025-03-26,62182385.12,62182385.12
2025-03-27,59904820.28,59904820.28
2025-03-28,57916929.3,57916929.3
2025-03-29,55704747.64,55704747.64
2025-03-30,56827180.16,56827180.16
2025-03-31,64323804.01,64323804.01
2025-04-01,68516583.52,68516583.52
2025-04-02,69673639.97,69673639.97
2025-04-03,64296707.94,64296707.94
2025-04-04,62412474.55,62412474.55
2025-04-05,58631352.87,58631352.87
2025-04-06,61584903.39,61584903.39
2025-04-07,68958980.63,68958980.63
2025-04-08,68088112.76,68088112.76
2025-04-09,64865688.91,64865688.91
2025-04-10,64683529.54,64683529.54
2025-04-11,60201305.92,60201305.92
2025-04-12,57284292.21,57284292.21
2025-04-13,58181689.17,58181689.17
2025-04-14,68556709.32,68556709.32
2025-04-15,70953990.17,70953990.17
2025-04-16,66872997.47,66872997.47
2025-04-17,61246154.56,61246154.56
2025-04-18,54723707.91,54723707.91
2025-04-19,48757981.98,48757981.98
2025-04-20,49983432.65,49983432.65
2025-04-21,62719120.92,62719120.92
2025-04-22,68897855.6,68897855.6
2025-04-23,68226032.04,68226032.04
2025-04-24,66711122.11,66711122.11
2025-04-25,61950840.9,61950840.9
2025-04-26,55506282.98,55506282.98
2025-04-27,58753771.28,58753771.28
2025-04-28,68183656.52,68183656.52
2025-04-29,67574778.46,67574778.46
2025-04-30,63041116.8,63041116.8
2025-05-01,69429522.35,69429522.35
2025-05-02,67724636.57,67724636.57
2025-05-03,61285989.26,61285989.26
2025-05-04,65669669.53,65669669.53
2025-05-05,82201236.62,82201236.62
2025-05-06,86992220.15,86992220.15
2025-05-07,89585451.41,89585451.41
2025-05-08,87056744.58,87056744.58
2025-05-09,78340499.91,78340499.91
2025-05-10,61882694.06,61882694.06
2025-05-11,63071900.94,63071900.94
2025-05-12,72256193.47,72256193.47
2025-05-13,74818233.97,74818233.97
2025-05-14,75485740.17,75485740.17
2025-05-15,76917394.89,76917394.89
2025-05-16,72707122.93,72707122.93
2025-05-17,64358075.13,64358075.13
2025-05-18,66331796.1,66331796.1
2025-05-19,79063615.14,79063615.14
2025-05-20,78780508.56,78780508.56
2025-05-21,77144098.46,77144098.46
2025-05-22,73916484.99,73916484.99
2025-05-23,68717103.64,68717103.64
2025-05-24,62504787.12,62504787.12
2025-05-25,76249376.9,76249376.9
2025-05-26,148122360.6,148122360.6
2025-05-27,144060935.6,144060935.6
2025-05-28,146468477.57,146468477.57
2025-05-29,130176530.39,130176530.39
2025-05-30,119556526.48,119556526.48
2025-05-31,104893155.65,104893155.65
2025-06-01,110097768.07,110097768.07
2025-06-02,118158261.67,118158261.67
2025-06-03,130405821.46,130405821.46
2025-06-04,99623910.17,99623910.17
2025-06-05,74840157.91,74840157.91
2025-06-06,70253487.93,70253487.93
2025-06-07,66012941.83,66012941.83
2025-06-08,67837386.06,67837386.06
2025-06-09,84145553.93,84145553.93
2025-06-10,89920338.01,89920338.01
2025-06-11,96246464.17,96246464.17
2025-06-12,96339162.87,96339162.87
2025-06-13,95382129.59,95382129.59
2025-06-14,79727250.45,79727250.45
2025-06-15,73958791.49,73958791.49
2025-06-16,80471401.34,80471401.34
2025-06-17,80758180.81,80758180.81
2025-06-18,76601693.73,76601693.73
2025-06-19,72962628.24,72962628.24
2025-06-20,70931000.38,70931000.38
2025-06-21,65213666.67,65213666.67
2025-06-22,70825361.44,70825361.44
2025-06-23,79436587.67,79436587.67
2025-06-24,77817836.42,77817836.42
2025-06-25,75876411.84,75876411.84
2025-06-26,73843761.9,73843761.9
2025-06-27,69458477.97,69458477.97
2025-06-28,65199103.06,65199103.06
2025-06-29,68110361.49,68110361.49
2025-06-30,80799609.79,80799609.79
2025-07-01,86329386.17,86329386.17
2025-07-02,83493127.92,83493127.92
2025-07-03,79962269.32,79962269.32
2025-07-04,72973421.07,72973421.07
2025-07-05,65819663.73,65819663.73
2025-07-06,73031802.99,73031802.99
2025-07-07,88691721.28,88691721.28
2025-07-08,84848677.33,84848677.33
2025-07-09,79285705.39,79285705.39
2025-07-10,75573396.87,75573396.87
2025-07-11,73144279.82,73144279.82
2025-07-12,67658229.74,67658229.74
2025-07-13,69443050.55,69443050.55
2025-07-14,86176835.7,86176835.7
2025-07-15,99900323.07,99900323.07
2025-07-16,100801734.63,100801734.63
2025-07-17,90289853.07,90289853.07
2025-07-18,82778360.65,82778360.65
2025-07-19,72769473.04,72769473.04
2025-07-20,77027165.27,77027165.27
2025-07-21,90917100.79,90917100.79
2025-07-22,82753974.21,82753974.21
2025-07-23,78043688.46,78043688.46
2025-07-24,72578346.63,72578346.63
2025-07-25,66164287.24,66164287.24
2025-07-26,60995035.22,60995035.22
2025-07-27,63623463.56,63623463.56
2025-07-28,77707961.17,77707961.17
2025-07-29,78993643.35,78993643.35
2025-07-30,80579134.26,80579134.26
2025-07-31,83162324.3,83162324.3
2025-08-01,79192923.55,79192923.55
2025-08-02,70783744.98,70783744.98
2025-08-03,71410956.69,71410956.69
2025-08-04,81765780.07,81765780.07
2025-08-05,82310994.05,82310994.05
2025-08-06,84510916.59,84510916.59
2025-08-07,81808020.44,81808020.44
2025-08-08,81508849.87,81508849.87
2025-08-09,72688679.7,72688679.7
2025-08-10,74108630.52,74108630.52
2025-08-11,87535348.53,87535348.53
2025-08-12,87442208.33,87442208.33
2025-08-13,88733420.39,88733420.39
2025-08-14,89766590.58,89766590.58
2025-08-15,88801241.67,88801241.67
2025-08-16,82233579.25,82233579.25
2025-08-17,83481746.87,83481746.87
2025-08-18,93313291.03,93313291.03
2025-08-19,92624191.47,92624191.47
2025-08-20,91200503.66,91200503.66
2025-08-21,89146536.39,89146536.39
2025-08-22,83509108.41,83509108.41
2025-08-23,78038192.26,78038192.26
2025-08-24,84903036.91,84903036.91
2025-08-25,96518740.02,96518740.02
2025-08-26,97156403.13,97156403.13
2025-08-27,96337402.8,96337402.8
2025-08-28,93397774.93,93397774.93
2025-08-29,87996918.95,87996918.95
2025-08-30,82706844.37,82706844.37
2025-08-31,79373290.89,79373290.89
2025-09-01,83751907.57,83751907.57
2025-09-02,82532054.26,82532054.26
2025-09-03,79388352.1,79388352.1
2025-09-04,75971926.04,75971926.04
2025-09-05,69941989.64,69941989.64
2025-09-06,68639296.24,68639296.24
2025-09-07,72447234.56,72447234.56
2025-09-08,80108813.79,80108813.79
