Date,TGMV
2022-01-01,20632219.23
2022-01-02,32331348.27
2022-01-03,42647687.75
2022-01-04,42938990.62
2022-01-05,37846637.43
2022-01-06,38145533.38
2022-01-07,33512773.75
2022-01-08,28990105.45
2022-01-09,29350816.2
2022-01-10,34793856.73
2022-01-11,34223822.49
2022-01-12,33789178.25
2022-01-13,33914344.69
2022-01-14,33591710.25
2022-01-15,31102131.19
2022-01-16,32641723.08
2022-01-17,36331077.07
2022-01-18,36997523.24
2022-01-19,35648314.63
2022-01-20,32804361.3
2022-01-21,31406765.18
2022-01-22,28392765.76
2022-01-23,29918823.81
2022-01-24,33940140.67
2022-01-25,33450683.37
2022-01-26,34305087.26
2022-01-27,34060186.38
2022-01-28,32326804.08
2022-01-29,29607110.38
2022-01-30,29928730.4
2022-01-31,35976392.64
2022-02-01,38407899.71
2022-02-02,37929560.14
2022-02-03,36330774.97
2022-02-04,33349231.23
2022-02-05,31115806.96
2022-02-06,33599223.18
2022-02-07,40631776.71
2022-02-08,41794735.66
2022-02-09,42696335.55
2022-02-10,43029795.05
2022-02-11,39692036.5
2022-02-12,35384234.25
2022-02-13,34152010.09
2022-02-14,35958230.96
2022-02-15,40703471.79
2022-02-16,41788030.02
2022-02-17,38420431.56
2022-02-18,33911719.02
2022-02-19,29697643.2
2022-02-20,31387935.29
2022-02-21,37358862.71
2022-02-22,38200392.68
2022-02-23,35459509.13
2022-02-24,33424731.8
2022-02-25,30420138.83
2022-02-26,28957032.01
2022-02-27,30379109.92
2022-02-28,36148019.38
2022-03-01,37886902.09
2022-03-02,37185800.99
2022-03-03,36360515.37
2022-03-04,32501487.94
2022-03-05,30024138.54
2022-03-06,30333944.75
2022-03-07,36171165.83
2022-03-08,34564257.13
2022-03-09,36640724.94
2022-03-10,35522448.83
2022-03-11,31816022.39
2022-03-12,29493013.22
2022-03-13,30763625.6
2022-03-14,40378128.17
2022-03-15,39649547.29
2022-03-16,43066041.04
2022-03-17,38075376.75
2022-03-18,34085112.21
2022-03-19,27665562.98
2022-03-20,27752080.87
2022-03-21,35871226.2
2022-03-22,35551572.85
2022-03-23,35720972.58
2022-03-24,33699707.03
2022-03-25,29912154.5
2022-03-26,27445027.09
2022-03-27,28884367.71
2022-03-28,33854235.69
2022-03-29,34344721.75
2022-03-30,36285816.78
2022-03-31,37418325.36
2022-04-01,34202175.66
2022-04-02,28387185.6
2022-04-03,31897619.1
2022-04-04,40426345.14
2022-04-05,38544510.76
2022-04-06,39579682.28
2022-04-07,36634663.75
2022-04-08,32013598.89
2022-04-09,29096466.12
2022-04-10,30955649.58
2022-04-11,38134239.81
2022-04-12,35154834.76
2022-04-13,35459293.46
2022-04-14,32395840.48
2022-04-15,28156245.39
2022-04-16,25646930.96
2022-04-17,27709827.74
2022-04-18,35341885.64
2022-04-19,37246811.85
2022-04-20,36760771.18
2022-04-21,36365466.94
2022-04-22,31723602.6
2022-04-23,27159492.78
2022-04-24,29178763.76
2022-04-25,35864584.77
2022-04-26,35976309.44
2022-04-27,34666654.18
2022-04-28,33644590.69
2022-04-29,32139251.99
2022-04-30,28214060.76
2022-05-01,33520365.57
2022-05-02,39713625.09
2022-05-03,41494646.37
2022-05-04,41768673.78
2022-05-05,43869487.78
2022-05-06,43234601.22
2022-05-07,37126364.5
2022-05-08,40939909.63
2022-05-09,48372093.16
2022-05-10,38376342.74
2022-05-11,36207993.49
2022-05-12,34582656.35
2022-05-13,33740208.09
2022-05-14,30856509.33
2022-05-15,32296334.27
2022-05-16,41106426.47
2022-05-17,42130758.09
2022-05-18,40312135.12
2022-05-19,37269615.06
2022-05-20,34124574.19
2022-05-21,31891579.12
2022-05-22,36173207.41
2022-05-23,65171958.17
2022-05-24,64261228.25
2022-05-25,55336500.38
2022-05-26,49379104.71
2022-05-27,45715241.79
2022-05-28,38920534.55
2022-05-29,42399096.81
2022-05-30,48160639.79
2022-05-31,59331514.36
2022-06-01,43556886.85
2022-06-02,37575343.44
2022-06-03,33290785.17
2022-06-04,30130662.93
2022-06-05,32583444.68
2022-06-06,40179728.17
2022-06-07,40128800.78
2022-06-08,40177078.78
2022-06-09,38631164.32
2022-06-10,35480167.75
2022-06-11,33582637.88
2022-06-12,35697061.11
2022-06-13,45012412.88
2022-06-14,47158079.85
2022-06-15,52333309.97
2022-06-16,49797994.56
2022-06-17,42513252.9
2022-06-18,34915160.66
2022-06-19,33129011.73
2022-06-20,37336419.6
2022-06-21,38423119.75
2022-06-22,38937787.52
2022-06-23,36137750.05
2022-06-24,30371708.08
2022-06-25,28355995.98
2022-06-26,31492960.98
2022-06-27,39877917.78
2022-06-28,40755021.02
2022-06-29,38244998.48
2022-06-30,37559124.43
2022-07-01,36798209.25
2022-07-02,33371575.46
2022-07-03,34890431.54
2022-07-04,40979042.39
2022-07-05,41409079.3
2022-07-06,43412037.41
2022-07-07,40624773.78
2022-07-08,36166256.01
2022-07-09,32927647.06
2022-07-10,35520068.82
2022-07-11,46342608.53
2022-07-12,44549184.28
2022-07-13,45629177.81
2022-07-14,40972562.08
2022-07-15,38392900.98
2022-07-16,34287893.44
2022-07-17,37542918.8
2022-07-18,42797007.99
2022-07-19,41716797.34
2022-07-20,41612858.4
2022-07-21,40339837.34
2022-07-22,36041341.11
2022-07-23,32801961.24
2022-07-24,33907836.35
2022-07-25,40738194.89
2022-07-26,41213852.2
2022-07-27,41727418.56
2022-07-28,40169473.7
2022-07-29,37905321.24
2022-07-30,34268324.44
2022-07-31,35774484.2
2022-08-01,44318801.84
2022-08-02,44305639.39
2022-08-03,43758685.6
2022-08-04,42467710.11
2022-08-05,38732474.25
2022-08-06,35697637.92
2022-08-07,37593217.98
2022-08-08,46180359.34
2022-08-09,45422749.2
2022-08-10,43485836.21
2022-08-11,43744318.01
2022-08-12,41530977.12
2022-08-13,36838279.89
2022-08-14,39724239.83
2022-08-15,52292530.35
2022-08-16,53103714.57
2022-08-17,50131433.63
2022-08-18,47247986.9
2022-08-19,43589857.48
2022-08-20,39032725.3
2022-08-21,42288438.06
2022-08-22,49374570.53
2022-08-23,50905701.64
2022-08-24,48628761.95
2022-08-25,45390647.21
2022-08-26,40660729.24
2022-08-27,37029768.97
2022-08-28,37191223.92
2022-08-29,41896019.46
2022-08-30,42877883.16
2022-08-31,43267424.2
2022-09-01,43570772.84
2022-09-02,39275173.41
2022-09-03,36018690.61
2022-09-04,39062195.81
2022-09-05,44790962.1
2022-09-06,45966735.92
2022-09-07,44382546.66
2022-09-08,40233595.04
2022-09-09,39789223.77
2022-09-10,34416629.09
2022-09-11,39168820.29
2022-09-12,43136642.68
2022-09-13,41651772.72
2022-09-14,38323411.04
2022-09-15,33523514.98
2022-09-16,34273623.75
2022-09-17,34742070.78
2022-09-18,35714578.17
2022-09-19,38577256.51
2022-09-20,39908791.83
2022-09-21,39854881.84
2022-09-22,37727442.32
2022-09-23,34484468.63
2022-09-24,31326509.25
2022-09-25,34934256.05
2022-09-26,43150770.32
2022-09-27,40046083.68
2022-09-28,40478592.36
2022-09-29,39879207.11
2022-09-30,37427507.08
2022-10-01,35601160.03
2022-10-02,38306803.93
2022-10-03,47292164.1
2022-10-04,45852613.59
2022-10-05,46341976.94
2022-10-06,47153581.82
2022-10-07,41589665.83
2022-10-08,39592458.89
2022-10-09,42993304.11
2022-10-10,48798118.89
2022-10-11,48101726.01
2022-10-12,46196290.43
2022-10-13,43477237.33
2022-10-14,42417920.93
2022-10-15,38543288.24
2022-10-16,42233449.6
2022-10-17,47624141.7
2022-10-18,49824286.14
2022-10-19,48316737.01
2022-10-20,46279789.22
2022-10-21,40353140.84
2022-10-22,35857210.68
2022-10-23,40750391.75
2022-10-24,48018764.05
2022-10-25,48471740.91
2022-10-26,46306705.61
2022-10-27,43170269.34
2022-10-28,37981091.1
2022-10-29,33382384.24
2022-10-30,34925924.53
2022-10-31,38930149.65
2022-11-01,40911108.29
2022-11-02,42837986.25
2022-11-03,45389038.79
2022-11-04,43534875.15
2022-11-05,39752289.7
2022-11-06,43808525.3
2022-11-07,49866112.21
2022-11-08,49575104.5
2022-11-09,47671420.93
2022-11-10,46150613.16
2022-11-11,43370444.04
2022-11-12,41934639.78
2022-11-13,45199068.75
2022-11-14,60712688.05
2022-11-15,64611384.93
2022-11-16,66453379.77
2022-11-17,71047742.39
2022-11-18,111354688.1
2022-11-19,102030659.9
2022-11-20,109053875.5
2022-11-21,128708227.8
2022-11-22,68175792.57
2022-11-23,50033291.74
2022-11-24,51740911.21
2022-11-25,54689234.89
2022-11-26,47654338.42
2022-11-27,49910903.57
2022-11-28,62223617.85
2022-11-29,60464582.16
2022-11-30,57762537.16
2022-12-01,60576452.96
2022-12-02,64516269.67
2022-12-03,59563405.11
2022-12-04,64599435.85
2022-12-05,75985703.96
2022-12-06,77826978.81
2022-12-07,76804108.28
2022-12-08,76320858.85
2022-12-09,71289527.24
2022-12-10,70947688.08
2022-12-11,79101347.35
2022-12-12,96481606.25
2022-12-13,98471357.39
2022-12-14,103286626.1
2022-12-15,107707960.0
2022-12-16,103946645.5
2022-12-17,98318058.32
2022-12-18,101501151.1
2022-12-19,123578088.7
2022-12-20,108263897.9
2022-12-21,88922172.87
2022-12-22,70027314.08
2022-12-23,55507178.95
2022-12-24,42526657.73
2022-12-25,41445143.82
2022-12-26,67132366.77
2022-12-27,69056614.57
2022-12-28,62757398.37
2022-12-29,56118546.47
2022-12-30,47335906.58
2022-12-31,36288155.33
2023-01-01,31976086.92
2023-01-02,59064116.08
2023-01-03,62123844.21
2023-01-04,61421134.26
2023-01-05,51528281.86
2023-01-06,50848092.86
2023-01-07,45289046.13
2023-01-08,47552596.0
2023-01-09,53101206.24
2023-01-10,54056186.1
2023-01-11,54020745.26
2023-01-12,51740791.48
2023-01-13,51634564.82
2023-01-14,47479803.18
2023-01-15,51037846.96
2023-01-16,56543206.71
2023-01-17,54875788.96
2023-01-18,53116539.86
2023-01-19,50693247.75
2023-01-20,45515256.21
2023-01-21,41368476.75
2023-01-22,43467066.25
2023-01-23,50933436.21
2023-01-24,51524151.62
2023-01-25,51887384.46
2023-01-26,47648538.42
2023-01-27,46478012.62
2023-01-28,43078080.26
2023-01-29,45277246.46
2023-01-30,52382581.16
2023-01-31,55268604.99
2023-02-01,56535171.43
2023-02-02,53534870.11
2023-02-03,50152416.47
2023-02-04,44102221.57
2023-02-05,44865549.5
2023-02-06,56303571.79
2023-02-07,56577863.19
2023-02-08,56778485.22
2023-02-09,57245445.63
2023-02-10,55456635.29
2023-02-11,52138119.23
2023-02-12,53430186.02
2023-02-13,58601715.64
2023-02-14,48877142.08
2023-02-15,52588824.64
2023-02-16,51059897.9
2023-02-17,46173042.68
2023-02-18,43931756.07
2023-02-19,45006793.76
2023-02-20,52094851.19
2023-02-21,50272237.51
2023-02-22,46821932.23
2023-02-23,45542871.36
2023-02-24,42061337.72
2023-02-25,39222155.4
2023-02-26,40830169.26
2023-02-27,47394213.03
2023-02-28,48282152.96
2023-03-01,53308517.37
2023-03-02,51948213.53
2023-03-03,45434648.02
2023-03-04,41437741.73
2023-03-05,44873299.38
2023-03-06,52544009.03
2023-03-07,50598814.23
2023-03-08,48842131.37
2023-03-09,48730195.03
2023-03-10,44036243.61
2023-03-11,40343028.85
2023-03-12,42315006.47
2023-03-13,50461490.11
2023-03-14,51154489.18
2023-03-15,55494531.46
2023-03-16,52066543.12
2023-03-17,47195174.09
2023-03-18,40954682.34
2023-03-19,42108837.07
2023-03-20,46821808.22
2023-03-21,47178860.78
2023-03-22,46971705.29
2023-03-23,47622672.86
2023-03-24,41355207.87
2023-03-25,37643095.12
2023-03-26,40998794.37
2023-03-27,48528495.17
2023-03-28,48347945.78
2023-03-29,47210526.66
2023-03-30,45702604.01
2023-03-31,42485150.8
2023-04-01,41610220.79
2023-04-02,42853755.86
2023-04-03,47932442.73
2023-04-04,45223241.58
2023-04-05,43342981.04
2023-04-06,40468374.23
2023-04-07,36905914.08
2023-04-08,34393912.67
2023-04-09,35529506.64
2023-04-10,43031199.21
2023-04-11,45593384.96
2023-04-12,46665826.63
2023-04-13,44918283.65
2023-04-14,46993749.21
2023-04-15,44903341.79
2023-04-16,45574652.82
2023-04-17,51481043.62
2023-04-18,52096206.73
2023-04-19,51574772.28
2023-04-20,49745264.82
2023-04-21,45690335.19
2023-04-22,42511244.95
2023-04-23,44670328.35
2023-04-24,52182964.54
2023-04-25,50215184.19
2023-04-26,50216124.41
2023-04-27,46277870.95
2023-04-28,45987875.04
2023-04-29,40770778.22
2023-04-30,40413580.33
2023-05-01,51128307.4
2023-05-02,54737205.4
2023-05-03,55608495.73
2023-05-04,55963961.27
2023-05-05,55735385.39
2023-05-06,53286188.41
2023-05-07,56831989.16
2023-05-08,69937599.01
2023-05-09,65088209.11
2023-05-10,52233551.38
2023-05-11,50509887.36
2023-05-12,49356479.56
2023-05-13,44909388.83
2023-05-14,46059237.78
2023-05-15,54355084.2
2023-05-16,57782357.35
2023-05-17,56873915.13
2023-05-18,51311399.26
2023-05-19,47783404.07
2023-05-20,47092000.24
2023-05-21,46035620.02
2023-05-22,55814437.87
2023-05-23,61837009.07
2023-05-24,57580559.28
2023-05-25,52258756.17
2023-05-26,51670552.03
2023-05-27,45144717.46
2023-05-28,45198012.83
2023-05-29,88723867.33
2023-05-30,91731482.76
2023-05-31,87406161.21
2023-06-01,89054185.09
2023-06-02,78762567.05
2023-06-03,66653782.14
2023-06-04,65862600.32
2023-06-05,72419090.1
2023-06-06,89437146.29
2023-06-07,73103004.37
2023-06-08,55190380.8
2023-06-09,49246152.37
2023-06-10,44990495.88
2023-06-11,49150246.38
2023-06-12,58753202.73
2023-06-13,62138497.28
2023-06-14,64464681.05
2023-06-15,65647665.95
2023-06-16,60702835.44
2023-06-17,49213722.43
2023-06-18,44736116.74
2023-06-19,48780910.68
2023-06-20,49412569.67
2023-06-21,49239164.09
2023-06-22,47817295.14
2023-06-23,42826148.93
2023-06-24,38181084.14
2023-06-25,40281219.37
2023-06-26,48772956.66
2023-06-27,49738836.0
2023-06-28,49386964.68
2023-06-29,48898977.76
2023-06-30,47634512.87
2023-07-01,46184263.5
2023-07-02,48864383.38
2023-07-03,57691291.4
2023-07-04,58416421.73
2023-07-05,59111780.42
2023-07-06,58047173.64
2023-07-07,53384735.22
2023-07-08,47712716.36
2023-07-09,51398548.94
2023-07-10,61270214.92
2023-07-11,62885460.99
2023-07-12,62906846.32
2023-07-13,60843206.15
2023-07-14,59412947.91
2023-07-15,56682718.32
2023-07-16,58637743.63
2023-07-17,60560499.76
2023-07-18,58458884.69
2023-07-19,57313362.31
2023-07-20,53139897.98
2023-07-21,50343196.69
2023-07-22,44984458.8
2023-07-23,48844782.25
2023-07-24,56196035.13
2023-07-25,56045939.4
2023-07-26,53903483.31
2023-07-27,54076992.0
2023-07-28,52506557.73
2023-07-29,46025864.04
2023-07-30,48879685.37
2023-07-31,58546551.03
2023-08-01,62264413.66
2023-08-02,62027189.57
2023-08-03,58014682.61
2023-08-04,53308370.64
2023-08-05,47590961.41
2023-08-06,53337061.36
2023-08-07,62483652.04
2023-08-08,60141288.85
2023-08-09,56906407.85
2023-08-10,59360731.5
2023-08-11,54382011.39
2023-08-12,48850072.13
2023-08-13,50978858.19
2023-08-14,62199842.36
2023-08-15,68977909.16
2023-08-16,69941862.99
2023-08-17,65587056.7
2023-08-18,60619702.11
2023-08-19,53223551.21
2023-08-20,56439972.76
2023-08-21,66962362.1
2023-08-22,68108909.12
2023-08-23,69062817.22
2023-08-24,63933077.41
2023-08-25,57888321.16
2023-08-26,51946488.05
2023-08-27,51123781.97
2023-08-28,53610054.86
2023-08-29,52542399.04
2023-08-30,52448796.6
2023-08-31,52428811.18
2023-09-01,50492952.92
2023-09-02,47249713.56
2023-09-03,48441998.39
2023-09-04,52526734.54
2023-09-05,54984070.03
2023-09-06,54960835.99
2023-09-07,52266391.51
2023-09-08,49001236.86
2023-09-09,45689521.91
2023-09-10,48528617.3
2023-09-11,52628799.25
2023-09-12,52266651.85
2023-09-13,50157506.23
2023-09-14,45022854.38
2023-09-15,40483541.2
2023-09-16,38522435.53
2023-09-17,44919238.44
2023-09-18,49480488.92
2023-09-19,49878004.65
2023-09-20,47726020.03
2023-09-21,45019351.42
2023-09-22,44366295.46
2023-09-23,39037480.65
2023-09-24,40054610.67
2023-09-25,45589196.93
2023-09-26,46900972.35
2023-09-27,45971458.79
2023-09-28,46491917.19
2023-09-29,44088929.65
2023-09-30,42355430.17
2023-10-01,45559256.95
2023-10-02,51055434.29
2023-10-03,52138645.65
2023-10-04,50833749.42
2023-10-05,49056042.74
2023-10-06,47712385.1
2023-10-07,43544060.87
2023-10-08,47943826.85
2023-10-09,53578568.44
2023-10-10,55191386.31
2023-10-11,54939191.73
2023-10-12,52341722.89
2023-10-13,50143561.83
2023-10-14,46448376.83
2023-10-15,50708913.77
2023-10-16,60086971.92
2023-10-17,60504027.01
2023-10-18,57116797.48
2023-10-19,51729453.26
2023-10-20,46250403.52
2023-10-21,43340992.1
2023-10-22,46671612.47
2023-10-23,55452171.55
2023-10-24,53703542.82
2023-10-25,51333294.18
2023-10-26,47636022.7
2023-10-27,44039305.23
2023-10-28,39211343.1
2023-10-29,40672122.92
2023-10-30,49589640.23
2023-10-31,46104402.92
2023-11-01,48210373.89
2023-11-02,50742063.24
2023-11-03,48889664.43
2023-11-04,44687114.18
2023-11-05,48396220.24
2023-11-06,56345527.88
2023-11-07,58201703.09
2023-11-08,56386109.74
2023-11-09,54804207.06
2023-11-10,51126262.73
2023-11-11,49453993.19
2023-11-12,55155811.36
2023-11-13,65430020.46
2023-11-14,68000457.92
2023-11-15,71495007.64
2023-11-16,88179050.36
2023-11-17,142407706.3
2023-11-18,120964995.9
2023-11-19,121597413.8
2023-11-20,150249085.9
2023-11-21,88876759.2
2023-11-22,66795741.24
2023-11-23,66109797.76
2023-11-24,78336356.9
2023-11-25,72148494.76
2023-11-26,75210790.86
2023-11-27,88640734.46
2023-11-28,74810323.67
2023-11-29,73439842.21
2023-11-30,72281019.64
2023-12-01,75952706.99
2023-12-02,67475551.72
2023-12-03,74374796.15
2023-12-04,90526036.82
2023-12-05,90094468.29
2023-12-06,95579782.83
2023-12-07,96853235.02
2023-12-08,91468795.56
2023-12-09,84907526.11
2023-12-10,92762557.07
2023-12-11,111511305.2
2023-12-12,112773011.8
2023-12-13,110353487.9
2023-12-14,114620390.2
2023-12-15,110866077.0
2023-12-16,114321378.5
2023-12-17,119425102.0
2023-12-18,143930907.1
2023-12-19,147298290.5
2023-12-20,129254705.7
2023-12-21,98445200.74
2023-12-22,74617202.71
2023-12-23,57010147.15
2023-12-24,45375794.46
2023-12-25,48527309.76
2023-12-26,75384251.51
2023-12-27,79684634.12
2023-12-28,72917936.36
2023-12-29,61085630.34
2023-12-30,46854570.43
2023-12-31,37353320.69
2024-01-01,35343603.93
2024-01-02,64475850.54
2024-01-03,69246645.61
2024-01-04,63672621.21
2024-01-05,57512680.24
2024-01-06,51262313.37
2024-01-07,52556303.62
2024-01-08,58072683.5
2024-01-09,57231467.23
2024-01-10,58533873.91
2024-01-11,58847010.05
2024-01-12,56114798.21
2024-01-13,51185001.39
2024-01-14,51206983.62
2024-01-15,61084214.97
2024-01-16,61229165.53
2024-01-17,61226966.03
2024-01-18,57233043.22
2024-01-19,51759679.5
2024-01-20,48112383.74
2024-01-21,50605381.85
2024-01-22,55954429.41
2024-01-23,55980226.46
2024-01-24,53940650.98
2024-01-25,51236921.01
2024-01-26,48436158.02
2024-01-27,45121962.09
2024-01-28,48453292.78
2024-01-29,55882908.57
2024-01-30,56745630.54
2024-01-31,58308782.93
2024-02-01,58314726.03
2024-02-02,52359988.94
2024-02-03,47828653.09
2024-02-04,47896727.18
2024-02-05,56795968.98
2024-02-06,59577618.31
2024-02-07,63395719.57
2024-02-08,63943663.47
2024-02-09,60553518.15
2024-02-10,55507997.6
2024-02-11,57770224.09
2024-02-12,70206646.41
2024-02-13,62632251.53
2024-02-14,51094501.29
2024-02-15,53303812.27
2024-02-16,51676034.48
2024-02-17,48960820.27
2024-02-18,50796768.66
2024-02-19,54491790.71
2024-02-20,52751454.52
2024-02-21,52266722.56
2024-02-22,49943659.57
2024-02-23,45172419.9
2024-02-24,43204550.57
2024-02-25,43511955.9
2024-02-26,50871450.29
2024-02-27,51032308.39
2024-02-28,52882281.46
2024-02-29,52192302.33
2024-03-01,50731727.5
2024-03-02,48447392.54
2024-03-03,49603248.92
2024-03-04,54348127.55
2024-03-05,55024084.52
2024-03-06,55223437.44
2024-03-07,53171925.24
2024-03-08,48381576.38
2024-03-09,44392042.31
2024-03-10,48024641.45
2024-03-11,53812298.12
2024-03-12,54664704.72
2024-03-13,54256547.13
2024-03-14,52056827.16
2024-03-15,50497761.5
2024-03-16,45800320.67
2024-03-17,45284879.07
2024-03-18,53642882.99
2024-03-19,55979102.31
2024-03-20,49845623.2
2024-03-21,48411667.98
2024-03-22,44368332.44
2024-03-23,42754481.44
2024-03-24,44689366.73
2024-03-25,49302717.21
2024-03-26,47294795.94
2024-03-27,48212844.77
2024-03-28,44988917.77
2024-03-29,39995396.93
2024-03-30,36669967.47
2024-03-31,37888877.32
2024-04-01,48229351.4
2024-04-02,49841415.4
2024-04-03,49488782.25
2024-04-04,47878956.3
2024-04-05,45353397.25
2024-04-06,42330890.78
2024-04-07,44271675.47
2024-04-08,48020545.4
2024-04-09,50058268.96
2024-04-10,50259251.31
2024-04-11,50940483.69
2024-04-12,48061382.9
2024-04-13,45496249.53
2024-04-14,47503780.86
2024-04-15,55758409.06
2024-04-16,60347104.88
2024-04-17,56595967.37
2024-04-18,53819306.45
2024-04-19,48596499.48
2024-04-20,43553713.3
2024-04-21,46540200.22
2024-04-22,55665730.57
2024-04-23,56406067.33
2024-04-24,54216934.5
2024-04-25,51321835.39
2024-04-26,47968534.78
2024-04-27,44060683.59
2024-04-28,46131240.73
2024-04-29,55404415.69
2024-04-30,52675180.9
2024-05-01,60393801.29
2024-05-02,59398153.89
2024-05-03,56295636.23
2024-05-04,51489615.34
2024-05-05,54876322.12
2024-05-06,74056548.22
2024-05-07,77126862.78
2024-05-08,74830480.72
2024-05-09,66626196.01
2024-05-10,54311991.9
2024-05-11,48130814.13
2024-05-12,48725698.86
2024-05-13,54870069.42
2024-05-14,70152842.97
2024-05-15,129527877.0
2024-05-16,106874161.4
2024-05-17,87665062.4
2024-05-18,78680282.68
2024-05-19,80975783.6
2024-05-20,82138108.44
2024-05-21,80811640.51
2024-05-22,80366425.23
2024-05-23,89832117.9
2024-05-24,61595223.31
2024-05-25,42360422.52
2024-05-26,43185991.7
2024-05-27,49008391.67
2024-05-28,53124059.73
2024-05-29,53033929.68
2024-05-30,53298440.91
2024-05-31,51048664.12
2024-06-01,47494180.07
2024-06-02,46179948.83
2024-06-03,54361893.75
2024-06-04,60373160.02
2024-06-05,60325672.44
2024-06-06,59944053.97
2024-06-07,55990779.36
2024-06-08,52186824.35
2024-06-09,56324490.7
2024-06-10,69267676.22
2024-06-11,73935862.74
2024-06-12,76012972.8
2024-06-13,74566980.13
2024-06-14,71283260.29
2024-06-15,60909298.13
2024-06-16,58769579.57
2024-06-17,61626758.18
2024-06-18,61273686.2
2024-06-19,59033465.62
2024-06-20,58503862.72
2024-06-21,54800872.0
2024-06-22,50405879.65
2024-06-23,53778501.12
2024-06-24,61235583.96
2024-06-25,57406807.85
2024-06-26,61675536.83
2024-06-27,58679930.45
2024-06-28,58109500.33
2024-06-29,58970332.44
2024-06-30,60712609.75
2024-07-01,71088346.09
2024-07-02,71448013.31
2024-07-03,66204709.77
2024-07-04,62584613.44
2024-07-05,57537812.76
2024-07-06,55088329.03
2024-07-07,60337270.0
2024-07-08,66112712.84
2024-07-09,65362357.69
2024-07-10,64833002.42
2024-07-11,62912703.05
2024-07-12,58942247.36
2024-07-13,53045902.93
2024-07-14,56127355.07
2024-07-15,73561228.21
2024-07-16,79186737.5
2024-07-17,77828576.13
2024-07-18,72993367.05
2024-07-19,64834094.87
2024-07-20,57763996.24
2024-07-21,64736137.85
2024-07-22,68015853.74
2024-07-23,65864451.39
2024-07-24,61915119.57
2024-07-25,56529489.76
2024-07-26,52770116.68
2024-07-27,47134414.71
2024-07-28,50273055.61
2024-07-29,59023277.03
2024-07-30,63599311.14
2024-07-31,65156687.34
2024-08-01,65048119.22
2024-08-02,59836880.36
2024-08-03,52860527.4
2024-08-04,54864730.14
2024-08-05,64256976.82
2024-08-06,66997862.47
2024-08-07,68822351.25
2024-08-08,65171791.45
2024-08-09,60153266.61
2024-08-10,56065607.53
2024-08-11,59786540.16
2024-08-12,68900774.26
2024-08-13,71292216.42
2024-08-14,73960348.86
2024-08-15,74482604.64
2024-08-16,68526820.4
2024-08-17,62395958.7
2024-08-18,66732631.48
2024-08-19,74892009.13
2024-08-20,76288504.82
2024-08-21,74940624.44
2024-08-22,70121561.4
2024-08-23,65472870.03
2024-08-24,56778860.96
2024-08-25,56296598.96
2024-08-26,57446355.84
2024-08-27,57296987.67
2024-08-28,57257541.07
2024-08-29,56165389.53
2024-08-30,52808974.17
2024-08-31,51837334.43
2024-09-01,55969390.3
2024-09-02,59347148.91
2024-09-03,61404981.19
2024-09-04,61827020.78
2024-09-05,60477534.0
2024-09-06,56351296.47
2024-09-07,53821188.68
2024-09-08,57761050.84
2024-09-09,62054197.75
2024-09-10,62783821.38
2024-09-11,58243104.69
2024-09-12,55310714.93
2024-09-13,52168304.05
2024-09-14,48585806.61
2024-09-15,46230204.33
2024-09-16,53525796.5
2024-09-17,58540630.63
2024-09-18,57943263.94
2024-09-19,57389428.97
2024-09-20,50728297.19
2024-09-21,47357190.34
2024-09-22,52351460.89
2024-09-23,57837542.88
2024-09-24,57972940.64
2024-09-25,55665662.68
2024-09-26,51551349.78
2024-09-27,51439867.0
2024-09-28,49420379.39
2024-09-29,52807103.21
2024-09-30,56604398.21
2024-10-01,64679670.97
2024-10-02,62250496.29
2024-10-03,56859630.54
2024-10-04,54134916.62
2024-10-05,51327401.94
2024-10-06,56259201.21
2024-10-07,62913570.52
2024-10-08,63241582.97
2024-10-09,62199265.55
2024-10-10,59153795.86
2024-10-11,56448223.51
2024-10-12,55422521.19
2024-10-13,57511949.22
2024-10-14,67890032.73
2024-10-15,69412825.78
2024-10-16,70617144.5
2024-10-17,66238383.85
2024-10-18,60014685.78
2024-10-19,55061097.55
2024-10-20,61057670.92
2024-10-21,69163653.88
2024-10-22,67709237.07
2024-10-23,66384759.52
2024-10-24,61058636.61
2024-10-25,54938806.58
2024-10-26,50852147.91
2024-10-27,54037162.22
2024-10-28,59572708.26
2024-10-29,60409674.03
2024-10-30,57558069.29
2024-10-31,51752853.6
2024-11-01,52146658.63
2024-11-02,50051739.28
2024-11-03,54732114.65
2024-11-04,65170516.19
2024-11-05,66929228.87
2024-11-06,69244278.33
2024-11-07,65846585.89
2024-11-08,63900633.79
2024-11-09,58936524.17
2024-11-10,61687335.08
2024-11-11,71945993.67
2024-11-12,74203082.21
2024-11-13,77393442.92
2024-11-14,90471937.81
2024-11-15,189852951.1
2024-11-16,179731168.3
2024-11-17,181711089.2
2024-11-18,202250788.1
2024-11-19,107663173.9
2024-11-20,70895825.03
2024-11-21,65500999.76
2024-11-22,61699118.2
2024-11-23,60908545.28
2024-11-24,66454563.16
2024-11-25,78604098.5
2024-11-26,79687152.54
2024-11-27,82706411.55
2024-11-28,86732545.63
2024-11-29,117678206.5
2024-11-30,109545250.7
2024-12-01,110731439.9
2024-12-02,136574956.5
2024-12-03,116413355.6
2024-12-04,99601198.01
2024-12-05,98231685.38
2024-12-06,104497388.3
2024-12-07,104694222.3
2024-12-08,110121208.0
2024-12-09,132702474.3
2024-12-10,132010930.4
2024-12-11,137348870.1
2024-12-12,129070966.8
2024-12-13,128112516.9
2024-12-14,126709864.6
2024-12-15,136930277.1
2024-12-16,161162975.7
2024-12-17,158367833.9
2024-12-18,153251783.6
2024-12-19,151594558.0
2024-12-20,128859152.9
2024-12-21,102632677.1
2024-12-22,94472947.09
2024-12-23,79007761.67
2024-12-24,60718198.1
2024-12-25,60779689.82
2024-12-26,83858487.4
2024-12-27,80325439.98
2024-12-28,70871193.07
2024-12-29,63407523.74
2024-12-30,59801583.91
2024-12-31,47822257.21
2025-01-01,40954915.66
2025-01-02,73627454.64
2025-01-03,73813629.65
2025-01-04,66517382.04
2025-01-05,61581227.81
2025-01-06,70086576.2
2025-01-07,68991986.68
2025-01-08,70459022.04
2025-01-09,67494512.06
2025-01-10,66000233.1
2025-01-11,64285156.63
2025-01-12,65404173.87
2025-01-13,72905799.41
2025-01-14,73903888.54
2025-01-15,80438106.75
2025-01-16,76530131.45
2025-01-17,68099857.04
2025-01-18,60645702.81
2025-01-19,62583625.86
2025-01-20,66966690.83
2025-01-21,67671194.39
2025-01-22,66456658.05
2025-01-23,64739716.39
2025-01-24,60632776.11
2025-01-25,56217979.64
2025-01-26,57529526.2
2025-01-27,62679312.0
2025-01-28,64476775.39
2025-01-29,65276716.06
2025-01-30,63282372.99
2025-01-31,58773200.58
2025-02-01,58988066.76
2025-02-02,58451014.66
2025-02-03,65212580.46
2025-02-04,66612220.07
2025-02-05,69490419.25
2025-02-06,71255132.21
2025-02-07,69374536.9
2025-02-08,66876092.53
2025-02-09,70548309.05
2025-02-10,87260993.79
2025-02-11,89690508.31
2025-02-12,87984527.9
2025-02-13,74048491.36
2025-02-14,58300813.51
2025-02-15,56599920.87
2025-02-16,61728553.25
2025-02-17,67061926.24
2025-02-18,65305648.02
2025-02-19,64075999.97
2025-02-20,60733798.08
2025-02-21,56033271.96
2025-02-22,51540875.79
2025-02-23,54109645.04
2025-02-24,59150080.83
2025-02-25,58211704.83
2025-02-26,58930583.81
2025-02-27,58926221.61
2025-02-28,56436984.25
2025-03-01,55120181.18
2025-03-02,58559343.92
2025-03-03,63916384.32
2025-03-04,62750948.0
2025-03-05,61014953.56
2025-03-06,62723536.25
2025-03-07,59561190.71
2025-03-08,54241532.22
2025-03-09,57654658.61
2025-03-10,65229363.48
2025-03-11,64391260.26
2025-03-12,64300147.2
2025-03-13,62183600.57
2025-03-14,59371366.39
2025-03-15,56762709.52
2025-03-16,58239228.68
2025-03-17,65496932.65
2025-03-18,63364002.95
2025-03-19,61047469.98
2025-03-20,58134533.07
2025-03-21,52956240.14
2025-03-22,51520769.19
2025-03-23,55632747.65
2025-03-24,62621800.23
2025-03-25,61668643.83
2025-03-26,62187072.41
2025-03-27,59907365.98
2025-03-28,57917867.13
2025-03-29,55705875.54
2025-03-30,56832260.02
2025-03-31,64327577.33
2025-04-01,68522453.48
2025-04-02,69680058.14
2025-04-03,64297279.91
2025-04-04,62413713.52
2025-04-05,58632832.87
2025-04-06,61585926.18
2025-04-07,68966363.4
2025-04-08,68090430.83
2025-04-09,64871356.03
2025-04-10,64687111.1
2025-04-11,60207485.3
2025-04-12,57285645.19
2025-04-13,58188712.5
2025-04-14,68560649.29
2025-04-15,70957081.6
2025-04-16,66878345.96
2025-04-17,61251833.74
2025-04-18,54725602.91
2025-04-19,48760126.97
2025-04-20,49983728.64
2025-04-21,62724106.3
2025-04-22,68901844.6
2025-04-23,68228633.81
2025-04-24,66719445.37
2025-04-25,61954464.85
2025-04-26,55506887.43
2025-04-27,58760572.46
2025-04-28,68185666.45
2025-04-29,67575128.46
2025-04-30,63042932.8
2025-05-01,69434309.81
2025-05-02,67726003.72
2025-05-03,61286332.03
2025-05-04,65669965.52
2025-05-05,82204115.39
2025-05-06,86996233.9
2025-05-07,89586899.61
2025-05-08,87062797.58
2025-05-09,78344269.33
2025-05-10,61885386.18
2025-05-11,63072866.74
2025-05-12,72260348.39
2025-05-13,74821128.36
2025-05-14,75493339.07
2025-05-15,76920782.24
2025-05-16,72710226.22
2025-05-17,64359628.95
2025-05-18,66338989.97
2025-05-19,79070611.12
2025-05-20,78789346.08
2025-05-21,77147603.95
2025-05-22,73920529.22
2025-05-23,68726555.64
2025-05-24,62514717.27
2025-05-25,76253447.2
2025-05-26,148125842.4
2025-05-27,144065013.7
2025-05-28,146470105.4
2025-05-29,130179876.8
2025-05-30,119559540.6
2025-05-31,104894875.4
2025-06-01,110099994.5
2025-06-02,118167335.6
2025-06-03,130406939.5
2025-06-04,99626304.92
2025-06-05,74842804.12
2025-06-06,70257692.12
2025-06-07,66016254.7
2025-06-08,67841511.11
2025-06-09,84149745.36
2025-06-10,89926952.42
2025-06-11,96255646.03
2025-06-12,96353966.93
2025-06-13,95387991.11
2025-06-14,79732517.72
2025-06-15,73964737.02
2025-06-16,80482630.79
2025-06-17,80768639.48
2025-06-18,76608187.58
2025-06-19,72967151.66
2025-06-20,70941026.14
2025-06-21,65214870.18
2025-06-22,70823292.95
2025-06-23,79443318.98
2025-06-24,77820586.67
2025-06-25,75885488.3
2025-06-26,73847346.23
2025-06-27,69462943.45
2025-06-28,65202747.06
2025-06-29,68113512.78
2025-06-30,80811120.24
2025-07-01,86334389.0
2025-07-02,83498858.09
2025-07-03,79967369.64
2025-07-04,72978585.23
2025-07-05,65824921.74
2025-07-06,73035685.14
2025-07-07,88701372.03
2025-07-08,84859214.71
2025-07-09,79294068.26
2025-07-10,75582791.41
2025-07-11,73151327.71
2025-07-12,67665840.42
2025-07-13,69447740.12
2025-07-14,86188965.13
2025-07-15,99915486.11
2025-07-16,100817088.4
2025-07-17,90299794.74
2025-07-18,82787894.09
2025-07-19,72789540.18
2025-07-20,77059572.05
2025-07-21,90930313.24
2025-07-22,82771924.53
2025-07-23,78063894.55
2025-07-24,72604591.15
2025-07-25,66197723.47
2025-07-26,61026799.54
2025-07-27,63652323.39
2025-07-28,77745306.42
2025-07-29,79042953.72
2025-07-30,80622364.56
2025-07-31,83248200.6
2025-08-01,79256914.1
2025-08-02,70839875.44
2025-08-03,71489530.16
2025-08-04,81854806.42
2025-08-05,82396397.43
2025-08-06,84614234.19
2025-08-07,81954979.63
2025-08-08,81676718.36
2025-08-09,72842267.15
2025-08-10,74268698.02
2025-08-11,87800993.68
2025-08-12,87657798.59
2025-08-13,88948135.71
2025-08-14,89998751.81
2025-08-15,89086309.43
2025-08-16,81919017.92
2025-08-17,83265209.55
2025-08-18,92924860.44
2025-08-19,92390473.82
2025-08-20,90794384.33
2025-08-21,89178299.38
2025-08-22,83522023.98
2025-08-23,78059025.33
2025-08-24,84931709.68
2025-08-25,96608147.38
2025-08-26,97180769.75
2025-08-27,96372874.7
2025-08-28,93413290.06
2025-08-29,88033514.26
2025-08-30,82741939.69
2025-08-31,79429153.95
2025-09-01,83815009.16
2025-09-02,82608186.14
2025-09-03,79561752.59
